ID,Sub-IDs,Total # samples,Tag #,Species,Date,Notes,Latitude,Longitude,Datum,State,Location,Altitude,Geology,Soil,Aspect,Collector,Abundance,Buds,Flowers,Fruit,Photos
FDK01,MEL2375684A,1,,Eucalyptus microcarpa,31/10/2013,,-36.32987,145.70606,,VIC,Dookie (private property),,,,,W.A.Gebert,,,,,
FDK10,MEL2375685A,1,,Eucalyptus microcarpa,31/10/2013,,-36.33119,145.70688,,VIC,Dookie (private property),,,,,W.A.Gebert,,,,,
FDK20,MEL2375686A,1,,Eucalyptus microcarpa,31/10/2013,,-36.33002,145.70534,,VIC,Dookie (private property),,,,,W.A.Gebert,,,,,
FHH02,,1,,Eucalyptus microcarpa,4/12/2013,,-36.80271,144.00268,,VIC,Marong (private property),,,,,R.Jordan,,,,,
J293,,1,1,Eucalyptus albens,29/09/2015,,-30.8942,150.66708,WGS84,NSW,"Keepit, Old Menedebri Rd",564,Basalt,loam,N,J.Janes,Common,Present,,Present,J293
J294,,1,2,Eucalyptus albens,29/09/2015,,-30.8942,150.66708,WGS84,NSW,"Keepit, Old Menedebri Rd",564,Basalt,loam,N,J.Janes,Common,Present,,Present,
J295,,1,,Eucalyptus albens,29/09/2015,,-30.89198,150.6728,WGS84,NSW,"Keepit, Somerton Main Rd",442,Basalt,sandy-loam,NW,J.Janes,Common,Present,Present,,J295
J296,,1,3,Eucalyptus melliodora,29/09/2015,,-30.65167,150.87812,WGS84,NSW,"Namoi River, Dunmore Rd",408,Granite,sandy-loam,SW,J.Janes,Common,Present,Present,Present,J296
J297,,1,,Eucalyptus melliodora,29/09/2015,,-30.6519,150.87828,WGS84,NSW,"Namoi River, Dunmore Rd",408,Granite,sandy-loam,SW,J.Janes,Common,Present,Present,,
J298,,1,,Eucalyptus sideroxylon,29/09/2015,,-30.15277,151.07437,WGS84,NSW,"Bundarra, Thunderbolts Way",672,Granite,Sand ,,J.Janes,Rare,Present,Present,,J298
J298 - Recollect,,1,,Eucalyptus sideroxylon,28/11/2016,,-30.15277,151.07437,WGS84,NSW,"Bundarra, Thunderbolts Way",672,Granite,Sand ,,"J.Janes, T.Collins",Rare,Present,Present,,J298
J299,,,,DISCARDED,,,,,,,,,,,,,,,,,
J300,,1,,Eucalyptus sideroxylon,30/09/2015,,-29.80812,150.91918,WGS84,NSW,"Gum Flat, Copeton Dam Rd",653,Sandstone,Sand,SW,J.Janes,Common,,Present,Present,J300
J300 Area - Recollect,A-E,5,,Eucalyptus sideroxylon,28/11/2016,,-29.80812,150.91918,WGS84,NSW,"Gum Flat, Copeton Dam Rd",653,Sandstone,Sand,SW,"J.Janes, T.Collins",Common,,Present,Present,J300
J301,,1,,Eucalyptus sideroxylon,30/09/2015,,-29.80812,150.91918,WGS84,NSW,"Gum Flat, Copeton Dam Rd",653,Sandstone,Sand,SW,J.Janes,Common,,Present,Present,
J302,,1,4,Eucalyptus albens,30/09/2015,,-30.14391,150.05293,WGS84,NSW,"Sawn Rocks, Kilarney Gap Rd",482,Basalt,Sand,SE,J.Janes,Common,Present,Present,,J302
J303,,1,,Eucalyptus albens,30/09/2015,,-30.14391,150.05293,WGS84,NSW,"Sawn Rocks, Kilarney Gap Rd",482,Basalt,Sand,SE,J.Janes,Common,Present,Present,,J303
J304,,1,,Eucalyptus albens,30/09/2015,,-30.14391,150.05293,WGS84,NSW,"Sawn Rocks, Kilarney Gap Rd",482,Basalt,Sand,SE,J.Janes,Common,Present,Present,,
J305,,1,,Eucalyptus pilligaensis,30/09/2015,,-30.13395,149.48317,WGS84,NSW,"Narrabri, Newell Hwy",240,Basalt,Sand,,J.Janes,Rare,Present,,,
J306,,1,,?,30/09/2015,,-30.13395,149.48317,WGS84,NSW,"Narrabri, Newell Hwy",240,Basalt,Sand,,J.Janes,Rare,Present,,,
J307,,1,,Eucalyptus crebra ?,30/09/2015,,-30.22665,149.8094,WGS84,NSW,"Narrabri, Newell Hwy",240,Basalt,Sand,,J.Janes,Rare,Present,,,
J308,,1,,Eucalyptus populnea,30/09/2015,,-30.22025,149.83597,WGS84,NSW,"Narrabri, Killarney Forest",258,Basalt,Sand,W,J.Janes,Common,Present,,,
J309,,1,,?,30/09/2015,,-30.22025,149.83597,WGS84,NSW,"Narrabri, Killarney Forest",258,Basalt,Sand,W,J.Janes,Common,Present,,,J309
J310,,1,,Eucalyptus populnea,30/09/2015,,-30.22025,149.83597,WGS84,NSW,"Narrabri, Killarney Forest",258,Basalt,Sand,W,J.Janes,Common,Present,,,J310
J311,,1,5,Eucalyptus fibrosa ?,30/09/2015,,-30.60224,149.58173,WGS84,NSW,"Pilliga, Newell Hwy",303,Basalt,Sand,,J.Janes,Common,Present,,Present,J311
J312,,1,,Eucalyptus sideroxylon,30/09/2015,,-30.60224,149.58173,WGS84,NSW,"Pilliga, Newell Hwy",303,Basalt,Sand,,J.Janes,Common,Present,,Present,J312
J313,,1,,Eucalyptus fibrosa,30/09/2015,,-30.60224,149.58173,WGS84,NSW,"Pilliga, Newell Hwy",303,Basalt,Sand,,J.Janes,Common,Present,,Present,J313
J314,,1,,Eucalyptus fibrosa,30/09/2015,,-30.92855,149.36347,WGS84,NSW,"Pilliga, no 1 break rd",433,Basalt,Sand,,J.Janes,Common,Present,,,J314
J315,,1,,Eucalyptus fibrosa,30/09/2015,,-30.92855,149.36347,WGS84,NSW,"Pilliga, no 1 break rd",433,Basalt,Sand,,J.Janes,Common,Present,,,J315
J316,,1,,Eucalyptus crebra,30/09/2015,,-30.92855,149.36347,WGS84,NSW,"Pilliga, no 1 break rd",433,Basalt,Sand,,J.Janes,rare,Present,,,J316
J317,,1,,Eucalyptus crebra,30/09/2015,,-30.14459,150.0534,WGS84,NSW,"Sawn Rocks, parking lot",485,Basalt,Sand,W,J.Janes,Rare,,,Present,
J318,A-E,6,6,Eucalyptus melliodora,11/10/2015,,-31.37365,151.13779,WGS84,NSW,"Chaffey Dam, Tamworth Nundle Rd",532,,loam,W,J.Janes,Common,Present,Present,,J318
J319,A-E,6,7,Eucalyptus melliodora,11/10/2015,,-31.55948,151.05664,WGS84,NSW,"Nundle, Crawney Rd",751,,sand,NNE,J.Janes,Common,Present,Present,Present,J319
J320,A-E,6,8,Eucalyptus moluccana,11/10/2015,,-31.72257,151.10243,WGS84,NSW,"Timor, Crawney Rd",486,Mudstone,clay-sand,W,J.Janes,Common,,,Present,J320
J321,B-G,7,9,Eucalyptus crebra,12/10/2015,,-32.75326,151.25224,WGS84,NSW,"Polkobin, Broke Rd",109,Mudstone,clay ,,J.Janes,Common,,,,J321
J322,A-E,6,10,Eucalyptus fibrosa,12/10/2015,,-32.75342,151.25269,WGS84,NSW,"Polkobin, Broke Rd",110,Mudstone,clay ,,J.Janes,Common,,,,J322
J323,A,2,11,Eucalyptus largiflorens (?),12/10/2015,,-32.40498,150.36256,WGS84,NSW,"Wollomi NP, Bylong Valley Way",117,Granite,loam-sand,W,J.Janes,Rare,Present,,,J323
J324,A-E,6,12,Eucalyptus conica,12/10/2015,,-32.44442,150.2812,WGS84,NSW,"Wollomi NP, Bylong Valley Way",213,Granite,loam-sand,E,J.Janes,Common,,,,J324
J325,,,,Eucalyptus baueriana,12/10/2015,,-32.49536,150.90842,WGS84,NSW,"Jerrys Plains, Golden Hwy",110,Basalt/Mudstone,clay-loam,N,J.Janes,Rare,,,,J325
J326,A-D,5,13,Eucalyptus moluccana,3/11/2015,,-28.21744,152.84309,WGS84,QLD,"Rathdowney, Boonah Rathdowney Rd",103,Mudstone,clay-loam,,J.Janes,Common,,Present,Present,J326
J326 - Recollect,A-E,6,13,Eucalyptus moluccana,9/12/2016,,-28.21744,152.84309,WGS84,QLD,"Rathdowney, Boonah Rathdowney Rd",103,Mudstone,clay-loam,,"J.Janes, T.Collins",Common,,Present,Present,J326
J327,A-D,5,14,Eucalyptus crebra,3/11/2015,,-28.45172,152.3925,WGS84,NSW,"Koreelah, Tooloom Rd",533,Granite,loam,N,J.Janes,Common,Present,,Present,J327
J328,A-D,5,15,Eucalyptus moluccana,3/11/2015,,-28.43038,152.35915,WGS84,NSW,"Legume, Mt Lindsay Rd",480,Granite,clay,SW,J.Janes,Common,,,Present,J328
J329,A-C,4,16,Eucalyptus conica,3/11/2015,,-28.41028,152.29292,WGS84,NSW,"Legume, Mt Lindsay Rd",564,Granite,sand,S,J.Janes,Common,Present,,Present,J329
J330,A-D,5,17,Eucalyptus fibrosa,4/11/2015,,-28.19138,151.61853,WGS84,QLD,"Karara, Cunningham Hwy",525,Basalt,sand,N,J.Janes,Common,,,Present,J330
J331,A-D,5,19,Eucalyptus crebra,4/11/2015,,-28.29549,151.48801,WGS84,QLD,"Gore, Cunningham Hwy",510,granite/sandstone,sand-clay,SW,J.Janes,Common,Present,,Present,J331
J332,A-D,5,18,Eucalyptus microcarpa (?),4/11/2015,,-28.29549,151.48801,WGS84,QLD,"Gore, Cunningham Hwy",510,granite/sandstone,sand-clay,SW,J.Janes,Common,,,Present,J332
J332 - Recollect,A-E,6,18,Eucalyptus microcarpa (?),9/12/2016,,-28.29549,151.48801,WGS84,QLD,"Gore, Cunningham Hwy",510,granite/sandstone,sand-clay,SW,"J.Janes, T.Collins",Common,,,Present,J332
J333,A-D,5,20,Eucalyptus caleyi,4/11/2015,,-28.52431,151.10556,WGS84,QLD,"Inglewood, Inglewood Texas Rd",340,granite/sandstone,sand-clay,NE,J.Janes,Common,,,Present,J333
J334,A-D,5,21,Eucalyptus moluccana (?),4/11/2015,,-28.53696,151.10815,WGS84,QLD,"Inglewood, Inglewood Texas Rd",335,granite/sandstone,sand-clay,E,J.Janes,Common,,,Present,J334
J335,A-D,5,22,Eucalyptus microcarpa,4/11/2015,,-28.89198,151.14803,WGS84,NSW,"Texas, Texas Bridge Road",334,Sandstone,clay-sand,,J.Janes,Common,Present,Present,Present,J335
J336,,,,Eucalyptus conica,4/11/2015,,-29.10132,151.77156,WGS84,NSW,"Mole Creek, Mole Station rd",435,Sandstone,clay-sand,,J.Janes,Common,Present,Present,,J336
J337,,,,DISCARDED,,,,,,,,,,,,,,,,,
J338,A-D,5,23,Eucalyptus conica,5/11/2015,,-29.15425,152.00211,WGS84,NSW,"Tenterfield, Bluff rock lookout",854,Granite,loam-clay,SW,J.Janes,Common,Present,Present,Present,J338
J339,A-C,4,24,Eucalyptus moluccana,5/11/2015,,-29.45636,151.55505,WGS84,NSW,"Emmaville, Strathbogie Rd",873,Granite,clay-loam,S,J.Janes,Common,,,Present,J339
J339 - Recollect,A-E,6,24,Eucalyptus moluccana,28/11/2016,,-29.45636,151.55505,WGS84,NSW,"Emmaville, Strathbogie Rd",873,Granite,clay-loam,S,"J.Janes, T.Collins",Common,,,Present,J339
J340,A-D,5,25,Eucalyptus melliodora,5/11/2015,,-29.45577,151.55405,WGS84,NSW,"Emmaville, Strathbogie Rd",874,Granite,clay-loam,S,J.Janes,Common,Present,Present,Present,J340
J340 - Recollect,A-D,5,25,Eucalyptus melliodora,28/11/2016,,-29.45577,151.55405,WGS84,NSW,"Emmaville, Strathbogie Rd",874,Granite,clay-loam,S,"J.Janes, T.Collins",Common,Present,Present,Present,J340
J341,A-D,5,26,Eucalyptus albens,5/11/2015,,-29.40223,151.41655,WGS84,NSW,"Yellow Dam, Emmaville Rd",770,Granite,sand,W,J.Janes,Common,,,Present,J341
J342,A-D,5,27,Eucalyptus sideroxylon,5/11/2015,,-29.39087,151.39279,WGS84,NSW,"Yellow Dam, Emmaville Rd",734,Granite,sand,S,J.Janes,Common,Present,Present,Present,J342
J342 - Recollect,A-D,5,27,Eucalyptus sideroxylon,28/11/2016,,-29.39087,151.39279,WGS84,NSW,"Yellow Dam, Emmaville Rd",734,Granite,sand,S,"J.Janes, T.Collins",Common,Present,Present,Present,J342
J343,A-D,5,28,Eucalyptus crebra,5/11/2015,,-29.35816,151.30991,WGS84,NSW,"Yellow Dam, Emmaville Rd",642,Granite/mudstone,clay,N,J.Janes,Common,Present,,Present,J343
J344,A-D,5,29,Eucalyptus polyanthemos,19/11/2015,,-35.33962,148.91113,WGS84,ACT,"Pierces Creek State Forest, Vanitys Crossing",640,Granite,hard red,N,J.Janes,Common,,,Present,J344
J345,A-D,5,30,Eucalyptus albens,20/11/2015,,-35.07022,148.83685,WGS84,NSW,"Mullion, Mountain Creek Rd.",,Sandstone/Limestone,Rocky shale,,J.Janes,Common,,,Present,J345
J345 - Recollect,A-B,3,30,Eucalyptus albens,1/12/2016,,-35.07022,148.83685,WGS84,NSW,"Mullion, Mountain Creek Rd.",,Sandstone/Limestone,Rocky shale,,"J.Janes, T.Collins",Common,,,Present,J345
J346,A-D,5,31,Eucalyptus melliodora,20/11/2015,,-35.06954,148.83661,WGS84,NSW,"Mullion, Mountain Creek Rd.",498,Sandstone/Limestone,Rocky shale,NE,J.Janes,Common,Present,Present,Present,J346
J346 - Recollect,A-C,4,31,Eucalyptus melliodora,1/12/2016,,-35.06954,148.83661,WGS84,NSW,"Mullion, Mountain Creek Rd.",498,Sandstone/Limestone,Rocky shale,NE,"J.Janes, T.Collins",Common,Present,Present,Present,J346
J347,A-D,5,32,Eucalyptus polyanthemos,20/11/2015,,-35.09381,148.74881,WGS84,NSW,"Wee Jasper, Doctors Flat Rd.",740,limestone/granite,sandy,,J.Janes,Common,Present,,Present,J347
J348,A-D,5,33,Eucalyptus polyanthemos,20/11/2015,,-35.24184,148.29729,WGS84,NSW,"Wee Jasper, Wee Jasper Rd.",448,,,NE,J.Janes,Common,,,Present,J348
J348 - Recollect,A-D,5,33,Eucalyptus polyanthemos,1/12/2016,,-35.24184,148.29729,WGS84,NSW,"Wee Jasper, Wee Jasper Rd.",448,,,NE,"J.Janes, T.Collins",Common,,,Present,J348
J349,A-I,10,34,Eucalyptus albens,20/11/2015,,-35.24369,148.2968,WGS84,NSW,"Wee Jasper, Wee Jasper Rd.",462,,,NE,J.Janes,Common,,,Present,J349
J350,A-I,10,35,Eucalyptus albens,20/11/2015,,-35.2456,147.68083,WGS84,NSW,"Tarcutta, Mates Gully Rd.",276,Basalt,sand,S,J.Janes,Common,,,Present,J350
J350 - Recollect,,1,35,Eucalyptus albens,1/12/2016,,-35.2456,147.68083,WGS84,NSW,"Tarcutta, Mates Gully Rd.",276,Basalt,sand,S,"J.Janes, T.Collins",Common,,,Present,J350
J351,A-D,5,36,Eucalyptus polyanthemos (juv micro?),20/11/2015,,-35.25609,147.68506,WGS84,NSW,"Tarcutta, Mates Gully Rd.",287,Granite/Basalt,sand,S,J.Janes,Common,Present,Present,Present,J351
J351 area - Recollect,,1,36,Eucalyptus polyanthemos (juv micro?),1/12/2016,,-35.25609,147.68506,WGS84,NSW,"Tarcutta, Mates Gully Rd.",287,Granite/Basalt,sand,S,"J.Janes, T.Collins",Common,Present,Present,Present,J351
J352,A-I,10,37,Eucalyptus sideroxylon,20/11/2015,,-35.25665,147.68486,WGS84,NSW,"Tarcutta, Mates Gully Rd.",,Granite/Basalt,sand,S,J.Janes,Common,,,Present,J352
J353,A-D,5,38,Eucalyptus polyanthemos,20/11/2015,,-35.8453,147.19722,WGS84,NSW,"Blue Metal Rest Area, M31",338,Sandstone,sand-clay,SE,J.Janes,Common,Present,Present,Present,J353
J354,A-D,5,39,Eucalyptus moluccana,20/11/2015,,-35.84469,147.19794,WGS84,NSW,"Blue Metal Rest Area, M31",,,,,J.Janes,Common,Present,,Present,J354
J293,A-I,10,40,Eucalyptus sideroxylon,21/11/2015,,-36.09264,146.61917,WGS84,VIC,"Chiltern, Chiltern-Howlong Rd.",196,,gravel-sand,S,J.Janes,Common,,,Present,J355
J355 - Recollect,A-D,5,40,Eucalyptus sideroxylon,2/12/2016,,-36.09264,146.61917,WGS84,VIC,"Chiltern, Chiltern-Howlong Rd.",196,,gravel-sand,S,"J.Janes, T.Collins",Common,,,Present,J355
J355b,,,,Eucalyptus sideroxylon x microcarpa,21/11/2015,,-36.08961,146.62105,WGS84,VIC,"Chiltern, Chiltern-Howlong Rd.",196,,gravel-sand,S,J.Janes,Common,,,Present,J355B
J356,A-D,5,41,Eucalyptus microcarpa (?),21/11/2015,,-36.09272,146.61929,WGS84,VIC,"Chiltern, Chiltern-Howlong Rd.",194,,gravel-sand,S,J.Janes,Common,,,Present,J356
J357,A-D,5,42,Eucalyptus melliodora,21/11/2015,,-36.019,146.29446,WGS84,NSW,"Collendina State Forest, Spring Dr.",140,Granite,red sand,W,J.Janes,Common,Present,Present,Present,J357
J357 - Recollect,A-E,6,42,Eucalyptus melliodora,2/12/2016,,-36.019,146.29446,WGS84,NSW,"Collendina State Forest, Spring Dr.",140,Granite,red sand,W,"J.Janes, T.Collins",Common,Present,Present,Present,J357
J358,A-D,5,43,Eucalyptus melliodora,21/11/2015,,-35.38973,146.35303,WGS84,NSW,"Urana, Walbundrie Rd.",138,Granite,clay-sand,0,J.Janes,Common,,,Present,J358
J359,A-I,10,44,Eucalyptus sideroxylon,21/11/2015,,-34.47594,147.40941,WGS84,NSW,"Ingalba Nature Reserve, Hwy 94",327,Granite/Basalt,clay-loam,0,J.Janes,Common,,,Present,J359
J360,A-D,5,45,Eucalyptus conica,21/11/2015,,-34.01205,148.12904,WGS84,NSW,"Orange, Old Forbes Rd.",322,Granite,Fine sand w rock,0,J.Janes,Rare,,,Present,J360
J361,A-I,10,46,Eucalyptus albens,22/11/2015,,-33.42118,148.51154,WGS84,NSW,"Nangar Natl Park, Dripping Rock Rd.",525,,,N,J.Janes,Common,,,Present,J361
J362,A-I,10,47,Eucalyptus sideroxylon,22/11/2015,,-33.42108,148.51126,WGS84,NSW,"Nangar Natl Park, Dripping Rock Rd.",521,,,N,J.Janes,Common,,,Present,J362
J363,B-D,4,48,Eucalyptus microcarpa,22/11/2015,,-33.41328,148.22136,WGS84,NSW,"Eugowra, Escort Way",260,,,,J.Janes,Common,,,Present,J363
J364,,,49,Eucalyptus conica,22/11/2015,,-33.41328,148.22136,WGS84,NSW,"Eugowra, Escort Way",260,,,,J.Janes,Common,,,Present,J364
J364 - Recollect,,1,49,Eucalyptus conica,30/11/2016,,-33.41328,148.22136,WGS84,NSW,"Eugowra, Escort Way",260,,,,"J.Janes, T.Collins",Common,,,Present,J364
J365,A-D,5,50,Eucalyptus melliodora,22/11/2015,,-33.31832,148.97163,WGS84,NSW,"Glenwood State Forest, Cargo Rd.",887,Granite,clay-sand,E,J.Janes,Common,Present,,Present,J365
J366,A-D,5,51,Eucalyptus fibrosa,22/11/2015,,-33.12436,150.01617,WGS84,NSW,"Gardens of Stone Natl Park, Glen Davis Rd.",732,Granite,sandy rock,NE,J.Janes,Common,Present,,Present,J366
J367,A-I,10,52,Eucalyptus sideroxylon,15/12/2015,,-30.5285,151.15897,WGS84,NSW,"Uralla-Kingstown Rd, Kingstown",791,Granite,sand-gravel,W,J.Janes,Common,,Present,Present,J367
J367g,,,,Eucalyptus sideroxylon,15/12/2015,,-30.5285,151.15897,WGS84,NSW,"Uralla-Kingstown Rd, Kingstown",791,Granite,sand-gravel,W,J.Janes,Common,,Present,Present,J367G
J367i,,,53,Eucalyptus sideroxylon x moluccana,15/12/2015,,-30.52474,151.15401,WGS84,NSW,"Uralla-Kingstown Rd, Kingstown",787,Granite,sand-gravel,W,J.Janes,Rare,,Present,Present,J367I
J368,A,2,54,Eucalyptus caleyi,15/12/2015,,-30.57301,151.09172,WGS84,NSW,"Kingstwon-Retreat Rd, Kingstown",827,Granite,sand-clay,W,J.Janes,Common (most on private land),,,Present,J368
J369,A-D,5,55,Eucalyptus caleyi,15/12/2015,,-30.07144,151.09796,WGS84,NSW,"Thunderbolts Way, Bundarra",815,Granite,sand-clay,W,J.Janes,Common,,,Present,J369
J369a,,,,Eucalyptus caleyi,15/12/2015,,-30.07144,151.09796,WGS84,NSW,"Thunderbolts Way, Bundarra",815,Granite,sand-clay,W,J.Janes,Common,,,Present,J369A
J370,A-D,5,56,Eucalyptus fibrosa,20/01/2016,,-32.62925,151.87758,WGS84,NSW,"Bucketts Way, Stroud Road",24,Granite,clay-loam,SW,J.Janes,Common,,,Present,J370
J371,A-D,5,57,Eucalyptus fibrosa,20/01/2016,,-32.23292,151.93147,WGS84,NSW,"Bucketts Way, Wards River",80,Granite,sand-loam,NW,J.Janes,Common,,,Present,J371
J372,A-D,5,58,Eucalyptus polyanthemos,24/01/2016,,-37.60536,146.64015,,VIC,"Licola, Tamboritha Rd",234,Granite,sand-loam,NW,J.Janes,Common,Present,,Present,J372
J373,A-D,5,59,Eucalyptus melliodora,24/01/2016,,-37.46662,147.83218,,VIC,Doctors Flat,176,Sandstone,sand-gravel,E,J.Janes,Common,,,Present,J373
J374,A-I,10,60,Eucalyptus albens,24/01/2016,,-37.36159,147.85228,,VIC,Ensay,286,Granite,sand,NW,J.Janes,Common,Present,,Present,J374
J375,A-D,5,61,Eucalyptus melliodora,25/01/2016,,-37.40165,148.21443,,VIC,Buchan,246,Granite,sand-loam,NW,J.Janes,Common,,,Present,J375
J376,A-I,10,62,Eucalyptus albens,25/01/2016,,-37.07782,148.34419,,VIC,McKillop Bridge,689,Granite,rock-loam,SE,J.Janes,Common,Present,,Present,J376
J377,A-I,10,63,Eucalyptus albens,25/01/2016,,-36.96985,148.30525,,VIC,Suggan Buggan,589,Granite,rock-loam,W,J.Janes,Common,,,Present,J377
J378,A-D,5,64,Eucalyptus melliodora,25/01/2016,,-36.88718,148.42012,,VIC/NSW,Kosciousko NP,256,Granite,sand-loam,E,J.Janes,Common,Present,,Present,J378
J379,A-D,5,65,Eucalyptus polyanthemos (?),26/01/2016,,-36.94525,149.4919,,NSW,Bombala,287,Granite,sand,SE,J.Janes,Common,,,Present,J379
J380,A-D,5,66,Eucalyptus polyanthemos,26/01/2016,,-37.11934,149.65784,,NSW,Pericoe,263,Granite,sand-rock,S ,J.Janes,Common,Present,,Present,J380
J381,A-D,5,67,Eucalyptus polyanthemos,27/01/2016,,-37.3619,149.66098,,VIC,Bruthen,99,,gravel-sand,E,J.Janes,Common,Present,,,J381
J382,A-I,10,68,Eucalyptus albens,27/01/2016,,-37.21575,147.71677,,VIC,Swifts Creek,327,,gravel-sand,SE,J.Janes,Common,Present,,Present,J382
J383,A-D,5,69,Eucalyptus polyanthemos (?),27/01/2016,,-36.31995,146.84286,,VIC,Yambuck,366,,gravel ,,J.Janes,Common,Present,,Present,J383
J384,A-D,5,70,Eucalyptus polyanthemos,29/01/2016,,-36.16765,146.64908,,VIC,Chiltern,287,Granite,sand-clay,NW,J.Janes,Common,Present,,Present,J384
J385,A-I,10,71,Eucalyptus sideroxylon,29/01/2016,,-36.17434,146.66263,,VIC,Chiltern,239,Granite,sand-clay,NW,J.Janes,Common,Present,,Present,J385
J386,A-I,10,72,Eucalyptus albens,29/01/2016,,-36.14425,146.65103,,VIC,Chiltern,245,Granite,clay-loam,NW,J.Janes,Rare,Present,,Present,J386
J387,A-I,10,73,Eucalyptus sideroxylon,29/01/2016,,-32.24456,146.18248,,VIC,Warrangatta,233,Granite,gravel-sand,,J.Janes,Common,Present,,Present,J387
J388,A-I,10,74,Eucalyptus albens,29/01/2016,,-36.26528,146.15425,,VIC,Warrangatta,268,Granite,gravel-sand,,J.Janes,Common,,,Present,J388
J389,A-D,5,75,Eucalyptus polyanthemos,29/01/2016,,-36.60631,145.92644,,VIC,Reef Road State Park,205,Sandstone,clay-loam,S,J.Janes,Common,Present,,Present,J389
J390,A-I,10,76,Eucalyptus albens,29/01/2016,,-36.5877,145.96066,,VIC,Reef Road State Park,187,Sandstone,clay-loam,,J.Janes,Rare,Present,,Present,J390
J391,A-D,5,77,Eucalyptus melliodora (?),30/1/016,,-37.21685,145.73489,,VIC,Alexandra,215,Granite,rock-loam,E,J.Janes,Common,,,Present,J391
J392,,1,78,Eucalyptus tricarpa,30/01/2016,,-37.00641,145.00121,,VIC,Puckapanyl,214,,,,J.Janes,Common,,,Present,J392
J393,A-I,10,79,Eucalyptus albens,30/01/2016,,-36.93458,144.74492,,VIC,Heathcote,258,Granite,sand-clay,E,J.Janes,Common,Present,,Present,J393
J394,A-I,10,80,Eucalyptus albens (?),30/01/2016,,-36.84715,144.52614,,VIC,Lake Eppalock,205,Granite,gravel-clay,W,J.Janes,Rare,Present,,Present,J394
J395,,1,81,Eucalyptus albens x microcarpa,31/01/2016,,-36.76884,144.07336,,VIC,"Powers Rd, Woodstock on Loddon",204,Granite,,,J.Janes,Common,Present,,Present,J395
J396,,1,82,Eucalyptus odorata (?),31/01/2016,,-36.81995,143.2767,,VIC,"Teddington Rd, Stuart Mill",293,,,,J.Janes,Rare,,,Present,J396
J397,A-D,5,83,Eucalyptus leucoxylon,1/02/2016,,-37.28408,141.18732,,VIC,Dergholm State Park,118,Sandstone,sand,,J.Janes,Common,Present,,Present,J397
J398,A-D,5,84,Eucalyptus leucoxylon,2/02/2016,,-37.22194,142.04807,,VIC,"Cherrypool, Rockland Reservoir",225,Sandstone,sand-loam,NE,J.Janes,Common,Present,,Present,J398
J399,A-D,5,85,Eucalyptus leucoxylon,3/01/2016,,-37.1632,144.08661,,VIC,Castlemaine,259,Sandstone,sand-clay,N,J.Janes,Common,Present,,Present,J399
J400,A-D,5,86,Eucalyptus moluccana,5/04/2016,,-30.44375,151.25961,,NSW,"Torreyburn Rd, Yarrowyck",799,granite,rocky-loam,,J.Janes,Common,Present,,Present,J400
J401,A-I,10,87,Eucalyptus sideroxylon,5/04/2016,,-30.44023,151.25069,,NSW,"Torreyburn Rd, Yarrowyck",747,granite,rocky-loam,,J.Janes,Common,Present,,,J401
J401f,,,88,Eucalyptus sideroxylon,5/04/2016,,-30.44089,151.25194,,NSW,"Torreyburn Rd, Yarrowyck",747,granite,rocky-loam,,J.Janes,Common,,,Present,J401F
J402,A-D,5,89,Eucalyptus caleyi,5/04/2016,,-30.04322,150.94122,,NSW,"Bundarra Rd, Copeton",739,granite,sand-loam,,J.Janes,Rare,Present,Present,Present,J402
J403,A-D,5,90,Eucalyptus caleyi,5/04/2016,,-29.92441,150.93559,,NSW,Copeton Dam Rd,626,granite,sand,,J.Janes,Rare,Present,,Present,J403
J404,A-D,5,91,Eucalyptus caleyi,5/04/2016,,-29.98952,150.85857,,NSW,Copeton Dam Rd,619,granite,sand,,J.Janes,Rare,Present,,Present,J404
J405,A-I,10,92,Eucalyptus sideroxylon,5/04/2016,,-30.22862,151.23865,,NSW,Baldersleigh Rd,741,granite,gravel-sand,,J.Janes,Common,Present,,Present,J405
J406,A-I,10,93,Eucalyptus albens,5/04/2016,,-30.23707,151.252,,NSW,"Baldersleigh Rd, The Basin",775,granite,gravel-sand,,J.Janes,Common,Present,,Present,J406
J407,A-C,4,94,Eucalyptus fibrosa,6/04/2016,,-30.05045,152.63814,,NSW,Nymboidea,643,granite,gravel-loam,W,J.Janes,Common,,,Present,J407
J408,,1,95,Eucalyptus crebra,6/04/2016,,-29.92432,152.75188,,NSW,Nymboidea,119,granite,sand-loam,NE,J.Janes,Rare,,,,J408
J409,,1,96,Eucalyptus fibrosa,6/04/2016,,-29.92485,152.75122,,NSW,Nymboidea,115,granite,sand-loam,NE,J.Janes,Rare,,,Present,J409
J410,A-D,5,97,Eucalyptus crebra,7/04/2016,,-29.69687,152.10593,,NSW,"Old Grafton Rd, Gibraltar",483,sandstone,sand-gravel,E,J.Janes,Common,,,Present,J410
J411,,1,98,Eucalyptus fibrosa,7/04/2016,,-29.69674,152.10576,,NSW,"Old Grafton Rd, Gibraltar",465,sandstone,sand-gravel,E,J.Janes,Rare,,,,J411
J412,A-D,5,101,Eucalyptus moluccana,16/06/2016,,-30.96459,150.84267,,NSW,"Appleby Rd, Moonbi",261,basalt,clay-sand,SE,J.Janes,Common,Present,Present,Present,J412
J413,A-I,10,102,Eucalyptus albens,16/06/2016,H may be moluccana,-30.70737,150.09621,,NSW,Boggabri - private land,261,basalt,clay-sand,E,J.Janes,common,Present,Present,Present,J413
J414,A-D,5,103,Eucalyptus albens,16/06/2016,D may be microcarpa,-30.49283,149.94203,,NSW,Narrabri,235,basalt,clay-sand,E,J.Janes,Common,,,Present,J414
J415,A-D,5,104,Eucalyptus crebra,17/06/2016,,-30.24,149.88559,,NSW,"Killarney Forest, Narrabri",278,basalt,clay-sand,,J.Janes,Common,,,,J415
J416,A-I,10,105,Eucalyptus sideroxylon,17/06/2016,,-30.32322,149.26971,,NSW,Weewaa,183,granite/gilgai,sand,SW,J.Janes,Common,Present,Present,Present,J416
J417,A,2,99,Eucalyptus crebra,17/06/2016,,-30.32377,149.26567,,NSW,Weewaa,181,granite/gilgai,sand,,J.Janes,Common,Present,Present,Present,J417
J418,A-I,10,106,Eucalyptus sideroxylon,17/06/2016,,-31.05012,149.23013,,NSW,The Pilliga,387,basalt,sand-clay,NE,J.Janes,Common,,,Present,J418
J419,A-I,10,100,Eucalyptus albens,23/06/2016,,-31.35926,148.93951,,NSW,Warrumbungle,502,basalt,clay-loam,NE,J.Janes,Common,,,Present,J419
J420,A-D,5,,Eucalyptus moluccana,23/06/2016,,-31.35926,148.93951,,NSW,Warrumbungle,502,basalt,clay-loam,NE,J.Janes,Common,,,Present,J420
J421,A-I,10,107,Eucalyptus sideroxylon,23/06/2016,,-32.36597,148.23103,,NSW,Narromine,270,basalt,sand-rock,E,J.Janes,Rare,,,Present,J421
J422,A-I,10,108,Eucalyptus sideroxylon,24/06/2016,,-32.22311,148.66797,,NSW,Dubbo,344,basalt,sand-rock,SW,J.Janes,Common,,,Present,J422
J423,A-I,10,109,Eucalyptus moluccana,24/06/2016,,-31.82373,149.68475,,NSW,Coolah,653,granite,rocky-clay,SE,J.Janes,Common,Present,,Present,J423
J424,A-I,10,110,Eucalyptus albens,24/06/2016,"G may be moluccana, C may be microcarpa",-31.71111,150.6998,,NSW,Ardglen,434,granite,sand-gravel,SW,J.Janes,Common,Present,,Present,J424
J425,A-I,10,111,Eucalyptus sideroxylon,9/07/2016,very big fruit,-30.30756,151.20671,,NSW,Bundarra,663,granite,sand-clay,W,J.Janes,Common,,,Present,J425
J426,A-I,10,112,Eucalyptus albens,9/07/2016,Had small fruit but urn shaped and disc depressed - Reps D/H/E/G/F/I may be microcarpa,-30.30846,151.20667,,NSW,Bundarra,697,granite,sand-clay,W,J.Janes,Common,,,Present,J426
J427,A-D,5,113,Eucalyptus caleyi,9/07/2016,,-30.36709,151.25757,,NSW,Bundarra,759,granite,rock-sand,SE,J.Janes,Common,,,Present,J427
J428,A-I,10,114,Eucalyptus albens,9/07/2016,some look more moluccana,-29.6731,151.15315,,NSW,Inverell,631,granite,clay-loam,NE,J.Janes,Common,,,Present,J428
J429,A-I,10,115,Eucalyptus albens,9/07/2016,,-28.77243,151.21523,,QLD,Texas ,356,granite,sand-clay,SE,J.Janes,Common,,,,J429
J430,A-I,10,116,Eucalyptus sideroxylon,10/07/2016,D has pink flowers,-28.56925,151.07571,,QLD,Inglewood,303,basalt,sand-gravel,SE,J.Janes,Common,Present,Present,Present,J430
J431,A-D,5,117,Eucalyptus crebra,10/07/2016,,-28.56955,151.07539,,QLD,Inglewood,304,basalt,sand-gravel,SE,J.Janes,Common,Present,Present,Present,J431
J432,A,2,118,Eucalyptus fibrosa,10/07/2016,,-28.18033,151.66934,,QLD,Glendon,539,basalt,clay-sand,SE,J.Janes,Common,Present,,Present,J432
J433,A-I,10,119,Eucalyptus sideroxylon,10/07/2016,,-28.17577,151.6577,,QLD,Glendon,520,basalt,rock-loam,,J.Janes,Rare,Present,,Present,J433
J434,A-B,3,120,Eucalyptus sideroxylon,10/07/2016,very big fruit,-27.7547,152.1189,,QLD,Allora,499,granite,rock-loam,SE,J.Janes,Rare,,,Present,J434
J435,A-I,10,121,Eucalyptus sideroxylon,10/07/2016,,-26.36944,151.88103,,QLD,Wondai,382,Granite/Basalt,rock-clay,SE,J.Janes,Common,Present,,Present,J435
J436,A-I,10,122,Eucalyptus albens (?),11/07/2016,may be moluccana,-27.18896,151.73259,,QLD,Kulpi,517,granite,clay-loam,NE,J.Janes,Common,Present,Present,Present,J436
J437,,1,123,Eucalyptus sideroxylon x melliodora (?),28/11/2016,,-30.27552,151.18698,WGS84,NSW,"Bundarra, Thunderbolts Way",711,Granite,sand,SW,"J.Janes, T.Collins",Rare,Present,,Present,J437
J438,,1,124,Eucalyptus sideroxylon x melliodora (?),28/11/2016,,-30.27563,151.18764,WGS84,NSW,"Bundarra, Thunderbolts Way",,Granite,sand,SW,"J.Janes, T.Collins",Rare,,,Present,
NAL05,,1,,Eucalyptus microcarpa,16/10/2013,,-32.3742,147.4871,,NSW,"Melrose-Trangie Rd, Albert Murrumbidgee NP",,,,,R.Jordan,,,,,J372
NBJ30,,1,,Eucalyptus microcarpa,18/11/2013,,-35.05268,147.0439,,NSW,Berry Jerry State Forest,,,,,R.Jordan,,,,,J373
NCD30,,1,,Eucalyptus microcarpa,17/11/2013,,-32.89835,147.05836,,NSW,Condobolin,,,,,R.Jordan,,,,,
NCR13,,1,,Eucalyptus microcarpa,15/11/2013,,-34.08362,148.51941,,NSW,Crowther,,,,,R.Jordan,,,,,J374
NCR37,,1,,Eucalyptus microcarpa,15/11/2013,,-34.08949,148.51412,,NSW,Crowther,,,,,R.Jordan,,,,,
NDU10,,1,,Eucalyptus microcarpa,15/10/2013,,-32.32624,148.51287,,NSW,Dubbo,,,,,R.Jordan,,,,,
NE10467,,1,,Eucalyptus porosa,10/11/1960,,,,,SA,Lake  Eyre,,,,,DE.Symon,,,,,J437
NE25923,,1,,Eucalyptus woollsiana,5/09/1972,,,,,QLD,Maranoa,,,,,NCW.Beadle,,,,,
NE25953,,1,,Eucalyptus porosa,2/11/1972,,,,,SA,Eyre Peninsula,,,,,NCW.Beadle,,,,,J438
NE35955,,1,,Eucalyptus porosa,4/11/1972,,,,,SA,Coonalpyn,,,,,NCW.Beadle,,,,,
NE35959,,1,,Eucalyptus porosa,4/11/1972,,,,,SA,Murray,,,,,NCW.Beadle,,,,,
NE36811,,1,,Eucalyptus odorata ,14/01/1964,,,,,SA,Hall Creek Road,,,,,TRN.Lothian,,,,,
NE37169,,1,,Eucalyptus odorata ,11/06/1960,,,,,SA,Alligator Creek,,,,,DE.Symon,,,,,
NE37647,,1,,Eucalyptus woollsiana,11/09/1978,,,,,NSW,Narrabri,,,,,JB.Williams,,,,,
NE4583,,1,,Eucalyptus woollsiana,1/10/1958,,,,,NSW,Gilgandra,,,,,RT.Baker,,,,,
NE67754,,1,,Eucalyptus odorata ,27/08/1994,,,,,SA,Sandland Road,,,,,RJ.Bates,,,,,
NE90535,,1,,Eucalyptus woollsiana,25/10/2006,,,,,QLD,Inglewood,,,,,PI.Forster,,,,,
RA1006,,1,,Eucalyptus albens,,,,,,,Bundarra Rd,,,,,,,,,,
RA1007,,1,,Eucalyptus albens,,,,,,,Bundarra Rd,,,,,,,,,,
TLC715,,,,Eucalyptus conica,,,-28.68758,151.96238,,QLD,Storm King,,,,,T.Collins,,,,,
TLC720,,,,Eucalyptus conica,,,-29.06569,151.98833,,NSW,Tenterfield ,,,,,T.Collins,,,,,
TLC725,,,,Eucalyptus conica,,,-29.60563,151.86797,,NSW,Dundee,,,,,T.Collins,,,,,
TLC726,,,,Eucalyptus conica,,,-30.28358,151.19619,,NSW,Abington,,,,,T.Collins,,,,,
TLC775,,,,Eucalyptus conica,,,-28.39502,151.31197,,QLD,Inglewood ,,,,,T.Collins,,,,,
VMA01,MEL2375659A,1,,Eucalyptus microcarpa,28/10/2013,,-36.77474,141.81787,,VIC,Mt Arapiles State Park,,,,,W.A.Gebert,,,,,
VMA18,MEL2375667A,1,,Eucalyptus microcarpa,28/10/2013,,-36.77474,141.82599,,VIC,Mt Arapiles State Park,,,,,W.A.Gebert,,,,,
VMA30,MEL2375669A,1,,Eucalyptus microcarpa,28/10/2013,,-36.77254,141.82553,,VIC,Mt Arapiles State Park,,,,,W.A.Gebert,,,,,
VWG14,,1,,Eucalyptus microcarpa,3/12/2013,,-37.67129,144.36256,,VIC,Werribee Gorge State Park,,,,,R.Jordan,,,,,
