"site.id","sub.ids","other.ids","total.num.samples","tag.num","species.field","date","notes","latitude","longitude","datum","state","location","altitude","geology","soil","aspect","collector","abundance","buds","flowers","fruit","photos","associated.species"
"FDK01",,"MEL2375684A",1,,"Eucalyptus microcarpa","2013-10-31","Voucher with Rebecca Jordan",-36.32987,145.70606,,"VIC","Dookie (private property)",,,,,"W.A.Gebert",,,,,,";;;;;;;;"
"FDK10",,"MEL2375685A",1,,"Eucalyptus microcarpa","2013-10-31","Voucher with Rebecca Jordan",-36.33119,145.70688,,"VIC","Dookie (private property)",,,,,"W.A.Gebert",,,,,,";;;;;;;;"
"FDK20",,"MEL2375686A",1,,"Eucalyptus microcarpa","2013-10-31","Voucher with Rebecca Jordan",-36.33002,145.70534,,"VIC","Dookie (private property)",,,,,"W.A.Gebert",,,,,,";;;;;;;;"
"FHH02",,,1,,"Eucalyptus microcarpa","2013-12-04","Voucher with Rebecca Jordan",-36.80271,144.00268,,"VIC","Marong (private property)",,,,,"R.Jordan",,,,,,";;;;;;;;"
"J293",,,1,1,"Eucalyptus albens","2015-09-29",,-30.8942,150.66708,"WGS84","NSW","Keepit, Old Menedebri Rd",564,"Basalt","loam","N","J.Janes","Common","Present",,"Present","J293","Themeda sp;Trifolium sp;Opuntia stricta;Dianella sp;Amyema miquelii;Asphodelus fistulosus;;;"
"J294",,,1,2,"Eucalyptus albens","2015-09-29","repeat of 293 (should have been collected as 293A)",-30.8942,150.66708,"WGS84","NSW","Keepit, Old Menedebri Rd",564,"Basalt","loam","N","J.Janes","Common","Present",,"Present",,"Themeda sp;Trifolium sp;Opuntia stricta;Dianella sp;Amyema miquelii;Asphodelus fistulosus;;;"
"J295",,,1,,"Eucalyptus albens","2015-09-29",,-30.89198,150.6728,"WGS84","NSW","Keepit, Somerton Main Rd",442,"Basalt","sandy-loam","NW","J.Janes","Common","Present","Present",,"J295","Themeda sp;Trifolium sp;Opuntia stricta;Dianella sp;;;;;"
"J296",,,1,3,"Eucalyptus melliodora","2015-09-29",,-30.65167,150.87812,"WGS84","NSW","Namoi River, Dunmore Rd",408,"Granite","sandy-loam","SW","J.Janes","Common","Present","Present","Present","J296","Angophora floribunda;grasses;;;;;;;"
"J297",,,1,,"Eucalyptus melliodora","2015-09-29","repeat of 297 (should have been collected as J296A)",-30.6519,150.87828,"WGS84","NSW","Namoi River, Dunmore Rd",408,"Granite","sandy-loam","SW","J.Janes","Common","Present","Present",,,"Angophora floribunda;grasses;;;;;;;"
"J298",,,1,,"Eucalyptus sideroxylon","2015-09-29",,-30.15277,151.07437,"WGS84","NSW","Bundarra, Thunderbolts Way",672,"Granite","Sand ",,"J.Janes","Rare","Present","Present",,"J298","Grasses;;;;;;;;"
"J298 - Recollect",,,1,,"Eucalyptus sideroxylon","2016-11-28","Recollected but originals already in herbarium",-30.15277,151.07437,"WGS84","NSW","Bundarra, Thunderbolts Way",672,"Granite","Sand ",,"J.Janes, T.Collins","Rare","Present","Present",,"J298","Grasses;;;;;;;;"
"J299",,,,,"DISCARDED",,"discarded",,,,,,,,,,,,,,,,";;;;;;;;"
"J300",,,1,,"Eucalyptus sideroxylon","2015-09-30",,-29.80812,150.91918,"WGS84","NSW","Gum Flat, Copeton Dam Rd",653,"Sandstone","Sand","SW","J.Janes","Common",,"Present","Present","J300","Austrodanthonia sp;Aotus ericoides;Acacia hakeoides;Exocarpus cupressiformis;;;;;"
"J300 Area - Recollect","A-E",,5,,"Eucalyptus sideroxylon","2016-11-28","Recollected but originals already in herbarium",-29.80812,150.91918,"WGS84","NSW","Gum Flat, Copeton Dam Rd",653,"Sandstone","Sand","SW","J.Janes, T.Collins","Common",,"Present","Present","J300","Austrodanthonia sp;Aotus ericoides;Acacia hakeoides;Exocarpus cupressiformis;;;;;"
"J301",,,1,,"Eucalyptus sideroxylon","2015-09-30","repeat of J300 (should have been collected as J300A)",-29.80812,150.91918,"WGS84","NSW","Gum Flat, Copeton Dam Rd",653,"Sandstone","Sand","SW","J.Janes","Common",,"Present","Present",,"Austrodanthonia sp;Aotus ericoides;Acacia hakeoides;Exocarpus cupressiformis;;;;;"
"J302",,,1,4,"Eucalyptus albens","2015-09-30",,-30.14391,150.05293,"WGS84","NSW","Sawn Rocks, Kilarney Gap Rd",482,"Basalt","Sand","SE","J.Janes","Common","Present","Present",,"J302","Clematis microphylla;Acacia sp;Swainsonia sp;;;;;;"
"J303",,,1,,"Eucalyptus albens","2015-09-30","repeat of J302 (should have been collected as J302A)",-30.14391,150.05293,"WGS84","NSW","Sawn Rocks, Kilarney Gap Rd",482,"Basalt","Sand","SE","J.Janes","Common","Present","Present",,"J303","Clematis microphylla;Acacia sp;Swainsonia sp;;;;;;"
"J304",,,1,,"Eucalyptus albens","2015-09-30","repeat of J302 (should have been collected as J302B)",-30.14391,150.05293,"WGS84","NSW","Sawn Rocks, Kilarney Gap Rd",482,"Basalt","Sand","SE","J.Janes","Common","Present","Present",,,"Clematis microphylla;Acacia sp;Swainsonia sp;;;;;;"
"J305",,,1,,"Eucalyptus pilligaensis","2015-09-30",,-30.13395,149.48317,"WGS84","NSW","Narrabri, Newell Hwy",240,"Basalt","Sand",,"J.Janes","Rare","Present",,,,"Roadside;;;;;;;;"
"J306",,,1,,"?","2015-09-30","unidentified - not sure that this is actually in the freezer",-30.13395,149.48317,"WGS84","NSW","Narrabri, Newell Hwy",240,"Basalt","Sand",,"J.Janes","Rare","Present",,,,"Roadside;;;;;;;;"
"J307",,,1,,"Eucalyptus crebra ?","2015-09-30",,-30.22665,149.8094,"WGS84","NSW","Narrabri, Newell Hwy",240,"Basalt","Sand",,"J.Janes","Rare","Present",,,,"Roadside;;;;;;;;"
"J308",,,1,,"Eucalyptus populnea","2015-09-30",,-30.22025,149.83597,"WGS84","NSW","Narrabri, Killarney Forest",258,"Basalt","Sand","W","J.Janes","Common","Present",,,,";;;;;;;;"
"J309",,,1,,"?","2015-09-30","unidentified - not sure that this is actually in the freezer",-30.22025,149.83597,"WGS84","NSW","Narrabri, Killarney Forest",258,"Basalt","Sand","W","J.Janes","Common","Present",,,"J309",";;;;;;;;"
"J310",,,1,,"Eucalyptus populnea","2015-09-30","repeat of J308 (should have been collected as J308A)",-30.22025,149.83597,"WGS84","NSW","Narrabri, Killarney Forest",258,"Basalt","Sand","W","J.Janes","Common","Present",,,"J310",";;;;;;;;"
"J311",,,1,5,"Eucalyptus fibrosa ?","2015-09-30",,-30.60224,149.58173,"WGS84","NSW","Pilliga, Newell Hwy",303,"Basalt","Sand",,"J.Janes","Common","Present",,"Present","J311","Zieria aspalathoides;Boronia sp;Acacia sp;Spyridium sp;;;;;"
"J312",,,1,,"Eucalyptus sideroxylon","2015-09-30",,-30.60224,149.58173,"WGS84","NSW","Pilliga, Newell Hwy",303,"Basalt","Sand",,"J.Janes","Common","Present",,"Present","J312","Zieria aspalathoides;Boronia sp;Acacia sp;Spyridium sp;;;;;"
"J313",,,1,,"Eucalyptus fibrosa","2015-09-30","Apparently missing from herbarium",-30.60224,149.58173,"WGS84","NSW","Pilliga, Newell Hwy",303,"Basalt","Sand",,"J.Janes","Common","Present",,"Present","J313","Zieria aspalathoides;Boronia sp;Acacia sp;Spyridium sp;;;;;"
"J314",,,1,,"Eucalyptus fibrosa","2015-09-30",,-30.92855,149.36347,"WGS84","NSW","Pilliga, no 1 break rd",433,"Basalt","Sand",,"J.Janes","Common","Present",,,"J314","Zieria aspalathoides;Boronia sp;Acacia sp;Spyridium sp;;;;;"
"J315",,,1,,"Eucalyptus fibrosa","2015-09-30","repeat of J314 (should have been collected as J314A)",-30.92855,149.36347,"WGS84","NSW","Pilliga, no 1 break rd",433,"Basalt","Sand",,"J.Janes","Common","Present",,,"J315","Zieria aspalathoides;Boronia sp;Acacia sp;Spyridium sp;;;;;"
"J316",,,1,,"Eucalyptus crebra","2015-09-30",,-30.92855,149.36347,"WGS84","NSW","Pilliga, no 1 break rd",433,"Basalt","Sand",,"J.Janes","rare","Present",,,"J316","Zieria aspalathoides;Boronia sp;Acacia sp;Spyridium sp;;;;;"
"J317",,,1,,"Eucalyptus crebra","2015-09-30",,-30.14459,150.0534,"WGS84","NSW","Sawn Rocks, parking lot",485,"Basalt","Sand","W","J.Janes","Rare",,,"Present",,";;;;;;;;"
"J318","A-E",,6,6,"Eucalyptus melliodora","2015-10-11",,-31.37365,151.13779,"WGS84","NSW","Chaffey Dam, Tamworth Nundle Rd",532,,"loam","W","J.Janes","Common","Present","Present",,"J318","Eucalyptus camaldulensis;Geranium sp;Whalenbergia stricta;Acaena sp;Plantago sp;Asperula sp;;;"
"J319","A-E",,6,7,"Eucalyptus melliodora","2015-10-11",,-31.55948,151.05664,"WGS84","NSW","Nundle, Crawney Rd",751,,"sand","NNE","J.Janes","Common","Present","Present","Present","J319","Eucalyptus camaldulensis;grasses;;;;;;;"
"J320","A-E",,6,8,"Eucalyptus moluccana","2015-10-11",,-31.72257,151.10243,"WGS84","NSW","Timor, Crawney Rd",486,"Mudstone","clay-sand","W","J.Janes","Common",,,"Present","J320","Roadside;;;;;;;;"
"J321","B-G",,7,9,"Eucalyptus crebra","2015-10-12","Used J321G in sequencing",-32.75326,151.25224,"WGS84","NSW","Polkobin, Broke Rd",109,"Mudstone","clay ",,"J.Janes","Common",,,,"J321","Corymbia sp;Allocasuarina sp;Pultonaea sp;Busaria spinosa;Acacia sp;;;;"
"J322","A-E",,6,10,"Eucalyptus fibrosa","2015-10-12",,-32.75342,151.25269,"WGS84","NSW","Polkobin, Broke Rd",110,"Mudstone","clay ",,"J.Janes","Common",,,,"J322","Corymbia sp;Allocasuarina sp;Pultonaea sp;Busaria spinosa;Acacia sp;;;;"
"J323","A",,2,11,"Eucalyptus largiflorens (?)","2015-10-12",,-32.40498,150.36256,"WGS84","NSW","Wollomi NP, Bylong Valley Way",117,"Granite","loam-sand","W","J.Janes","Rare","Present",,,"J323","Ghania sp;Acacia sp;Callitris sp;Epacris sp;Bursaria spinosa;Oxalus;;;"
"J324","A-E",,6,12,"Eucalyptus conica","2015-10-12",,-32.44442,150.2812,"WGS84","NSW","Wollomi NP, Bylong Valley Way",213,"Granite","loam-sand","E","J.Janes","Common",,,,"J324",";;;;;;;;"
"J325",,,,,"Eucalyptus baueriana","2015-10-12","Gave this sample to Tim at request of Rose therefore never entered in herbarium as we do not have a voucher",-32.49536,150.90842,"WGS84","NSW","Jerrys Plains, Golden Hwy",110,"Basalt/Mudstone","clay-loam","N","J.Janes","Rare",,,,"J325","Roadside;;;;;;;;"
"J326","A-D",,5,13,"Eucalyptus moluccana","2015-11-03","Apparently missing from herbarium",-28.21744,152.84309,"WGS84","QLD","Rathdowney, Boonah Rathdowney Rd",103,"Mudstone","clay-loam",,"J.Janes","Common",,"Present","Present","J326","Acacia verniciflua;Roadside;;;;;;;"
"J326 - Recollect","A-E",,6,13,"Eucalyptus moluccana","2016-12-09","Recollected but originals already in herbarium",-28.21744,152.84309,"WGS84","QLD","Rathdowney, Boonah Rathdowney Rd",103,"Mudstone","clay-loam",,"J.Janes, T.Collins","Common",,"Present","Present","J326","Acacia verniciflua;Roadside;;;;;;;"
"J327","A-D",,5,14,"Eucalyptus crebra","2015-11-03","Apparently missing from herbarium",-28.45172,152.3925,"WGS84","NSW","Koreelah, Tooloom Rd",533,"Granite","loam","N","J.Janes","Common","Present",,"Present","J327","Casuarina cunninghamiana;Dianella revoluta;Acacia burrowii;Eustraphus latifolius;;;;;"
"J328","A-D",,5,15,"Eucalyptus moluccana","2015-11-03",,-28.43038,152.35915,"WGS84","NSW","Legume, Mt Lindsay Rd",480,"Granite","clay","SW","J.Janes","Common",,,"Present","J328","Roadside;;;;;;;;"
"J329","A-C",,4,16,"Eucalyptus conica","2015-11-03",,-28.41028,152.29292,"WGS84","NSW","Legume, Mt Lindsay Rd",564,"Granite","sand","S","J.Janes","Common","Present",,"Present","J329","Ficus sp;Acacia burrowii;Clematis sp;smooth gum;;;;;"
"J330","A-D",,5,17,"Eucalyptus fibrosa","2015-11-04",,-28.19138,151.61853,"WGS84","QLD","Karara, Cunningham Hwy",525,"Basalt","sand","N","J.Janes","Common",,,"Present","J330","Acacia clivicola;Acacia hakeoides;Dodonea cuneata;Callitris columellaris;;;;;"
"J331","A-D",,5,19,"Eucalyptus crebra","2015-11-04",,-28.29549,151.48801,"WGS84","QLD","Gore, Cunningham Hwy",510,"granite/sandstone","sand-clay","SW","J.Janes","Common","Present",,"Present","J331","Acacia clivicola;Acacia hakeoides;Dodonea cuneata;Callitris columellaris;Eucalyptus sp;;;;"
"J332","A-D",,5,18,"Eucalyptus sp (microcarpa?)","2015-11-04",,-28.29549,151.48801,"WGS84","QLD","Gore, Cunningham Hwy",510,"granite/sandstone","sand-clay","SW","J.Janes","Common",,,"Present","J332","Acacia clivicola;Acacia hakeoides;Dodonea cuneata;Callitris columellaris;Eucalyptus crebra;;;;"
"J332 - Recollect","A-E",,6,18,"Eucalyptus sp (microcarpa?)","2016-12-09","Recollected but originals already in herbarium",-28.29549,151.48801,"WGS84","QLD","Gore, Cunningham Hwy",510,"granite/sandstone","sand-clay","SW","J.Janes, T.Collins","Common",,,"Present","J332","Acacia clivicola;Acacia hakeoides;Dodonea cuneata;Callitris columellaris;Eucalyptus crebra;;;;"
"J333","A-D",,5,20,"Eucalyptus caleyi","2015-11-04",,-28.52431,151.10556,"WGS84","QLD","Inglewood, Inglewood Texas Rd",340,"granite/sandstone","sand-clay","NE","J.Janes","Common",,,"Present","J333","Acacia leptocarpa;Acacia cultriformis;;;;;;;"
"J334","A-D",,5,21,"Eucalyptus moluccana (?)","2015-11-04",,-28.53696,151.10815,"WGS84","QLD","Inglewood, Inglewood Texas Rd",335,"granite/sandstone","sand-clay","E","J.Janes","Common",,,"Present","J334","Acacia leptocarpa;Acacia cultriformis;;;;;;;"
"J335","A-D",,5,22,"Eucalyptus microcarpa","2015-11-04",,-28.89198,151.14803,"WGS84","NSW","Texas, Texas Bridge Road",334,"Sandstone","clay-sand",,"J.Janes","Common","Present","Present","Present","J335","Roadside;;;;;;;;"
"J336",,,,,"Eucalyptus conica","2015-11-04",,-29.10132,151.77156,"WGS84","NSW","Mole Creek, Mole Station rd",435,"Sandstone","clay-sand",,"J.Janes","Common","Present","Present",,"J336","Roadside;;;;;;;;"
"J337",,,,,"DISCARDED",,,,,,,,,,,,,,,,,,";;;;;;;;"
"J338","A-D",,5,23,"Eucalyptus conica","2015-11-05",,-29.15425,152.00211,"WGS84","NSW","Tenterfield, Bluff rock lookout",854,"Granite","loam-clay","SW","J.Janes","Common","Present","Present","Present","J338","Roadside;;;;;;;;"
"J339","A-C",,4,24,"Eucalyptus moluccana","2015-11-05",,-29.45636,151.55505,"WGS84","NSW","Emmaville, Strathbogie Rd",873,"Granite","clay-loam","S","J.Janes","Common",,,"Present","J339","Roadside;Eucalyptus melliodora;Acacia leptocarpa;;;;;;"
"J339 - Recollect","A-E",,6,24,"Eucalyptus moluccana","2016-11-28","Recollected but originals already in herbarium",-29.45636,151.55505,"WGS84","NSW","Emmaville, Strathbogie Rd",873,"Granite","clay-loam","S","J.Janes, T.Collins","Common",,,"Present","J339","Roadside;Eucalyptus melliodora;Acacia leptocarpa;;;;;;"
"J340","A-D",,5,25,"Eucalyptus melliodora","2015-11-05",,-29.45577,151.55405,"WGS84","NSW","Emmaville, Strathbogie Rd",874,"Granite","clay-loam","S","J.Janes","Common","Present","Present","Present","J340","Roadside;Eucalyptus moluccana;Acacia leptocarpa;;;;;;"
"J340 - Recollect","A-D",,5,25,"Eucalyptus melliodora","2016-11-28","Recollected but originals already in herbarium",-29.45577,151.55405,"WGS84","NSW","Emmaville, Strathbogie Rd",874,"Granite","clay-loam","S","J.Janes, T.Collins","Common","Present","Present","Present","J340","Roadside;Eucalyptus moluccana;Acacia leptocarpa;;;;;;"
"J341","A-D",,5,26,"Eucalyptus albens","2015-11-05",,-29.40223,151.41655,"WGS84","NSW","Yellow Dam, Emmaville Rd",770,"Granite","sand","W","J.Janes","Common",,,"Present","J341","Clematis microphylla;Acacia leptocarpa;Themeda sp;;;;;;"
"J342","A-D",,5,27,"Eucalyptus sideroxylon","2015-11-05",,-29.39087,151.39279,"WGS84","NSW","Yellow Dam, Emmaville Rd",734,"Granite","sand","S","J.Janes","Common","Present","Present","Present","J342","Callitris columellaris;Acacia sp;;;;;;;"
"J342 - Recollect","A-D",,5,27,"Eucalyptus sideroxylon","2016-11-28","Recollected but originals already in herbarium",-29.39087,151.39279,"WGS84","NSW","Yellow Dam, Emmaville Rd",734,"Granite","sand","S","J.Janes, T.Collins","Common","Present","Present","Present","J342","Callitris columellaris;Acacia sp;;;;;;;"
"J343","A-D",,5,28,"Eucalyptus crebra","2015-11-05",,-29.35816,151.30991,"WGS84","NSW","Yellow Dam, Emmaville Rd",642,"Granite/mudstone","clay","N","J.Janes","Common","Present",,"Present","J343","Callitris columellaris;Styphelia triflora;Melichrus urceolatus;Leucopogan muticus;;;;;"
"J344","A-D",,5,29,"Eucalyptus polyanthemos","2015-11-19",,-35.33962,148.91113,"WGS84","ACT","Pierces Creek State Forest, Vanitys Crossing",640,"Granite","hard red","N","J.Janes","Common",,,"Present","J344","Dianella;Lepidosperma;Plantago;Acacia leptocarpa;;;;;"
"J345","A-D",,5,30,"Eucalyptus albens","2015-11-20",,-35.07022,148.83685,"WGS84","NSW","Mullion, Mountain Creek Rd.",,"Sandstone/Limestone","Rocky shale",,"J.Janes","Common",,,"Present","J345","E. melliodora;Themeda;Briza maxima;Exocarpus;Stuphelia;Lepidosperma;Dianella;Bursania;"
"J345 - Recollect","A-B",,3,30,"Eucalyptus albens","2016-12-01","Recollected but originals already in herbarium",-35.07022,148.83685,"WGS84","NSW","Mullion, Mountain Creek Rd.",,"Sandstone/Limestone","Rocky shale",,"J.Janes, T.Collins","Common",,,"Present","J345","E. melliodora;Themeda;Briza maxima;Exocarpus;Stuphelia;Lepidosperma;Dianella;Bursania;"
"J346","A-D",,5,31,"Eucalyptus melliodora","2015-11-20",,-35.06954,148.83661,"WGS84","NSW","Mullion, Mountain Creek Rd.",498,"Sandstone/Limestone","Rocky shale","NE","J.Janes","Common","Present","Present","Present","J346","E. albens;;;;;;;;"
"J346 - Recollect","A-C",,4,31,"Eucalyptus melliodora","2016-12-01","Recollected but originals already in herbarium",-35.06954,148.83661,"WGS84","NSW","Mullion, Mountain Creek Rd.",498,"Sandstone/Limestone","Rocky shale","NE","J.Janes, T.Collins","Common","Present","Present","Present","J346","E. albens;;;;;;;;"
"J347","A-D",,5,32,"Eucalyptus polyanthemos","2015-11-20",,-35.09381,148.74881,"WGS84","NSW","Wee Jasper, Doctors Flat Rd.",740,"limestone/granite","sandy",,"J.Janes","Common","Present",,"Present","J347","Cassinia adunca;Acacia deanei;;;;;;;"
"J348","A-D",,5,33,"Eucalyptus polyanthemos","2015-11-20",,-35.24184,148.29729,"WGS84","NSW","Wee Jasper, Wee Jasper Rd.",448,,,"NE","J.Janes","Common",,,"Present","J348","E. albens;Angophora;Briza maxima;Plantago;;;;;"
"J348 - Recollect","A-D",,5,33,"Eucalyptus polyanthemos","2016-12-01","Recollected but originals already in herbarium",-35.24184,148.29729,"WGS84","NSW","Wee Jasper, Wee Jasper Rd.",448,,,"NE","J.Janes, T.Collins","Common",,,"Present","J348","E. albens;Angophora;Briza maxima;Plantago;;;;;"
"J349","A-I",,10,34,"Eucalyptus albens","2015-11-20",,-35.24369,148.2968,"WGS84","NSW","Wee Jasper, Wee Jasper Rd.",462,,,"NE","J.Janes","Common",,,"Present","J349","E. polyanthemos;Briza;Plantago;Angophora;;;;;"
"J350","A-I",,10,35,"Eucalyptus albens","2015-11-20",,-35.2456,147.68083,"WGS84","NSW","Tarcutta, Mates Gully Rd.",276,"Basalt","sand","S","J.Janes","Common",,,"Present","J350","Roadside;;;;;;;;"
"J350 - Recollect",,,1,35,"Eucalyptus albens","2016-12-01","Recollected but originals already in herbarium",-35.2456,147.68083,"WGS84","NSW","Tarcutta, Mates Gully Rd.",276,"Basalt","sand","S","J.Janes, T.Collins","Common",,,"Present","J350","Roadside;;;;;;;;"
"J351","A-D",,5,36,"Eucalyptus polyanthemos (juv micro?)","2015-11-20",,-35.25609,147.68506,"WGS84","NSW","Tarcutta, Mates Gully Rd.",287,"Granite/Basalt","sand","S","J.Janes","Common","Present","Present","Present","J351","E. sideroxylon;E. albens;Helichrysum brateatum;Acacia sp.;;;;;"
"J351 area - Recollect",,,1,36,"Eucalyptus polyanthemos (juv micro?)","2016-12-01","Recollected but originals already in herbarium",-35.25609,147.68506,"WGS84","NSW","Tarcutta, Mates Gully Rd.",287,"Granite/Basalt","sand","S","J.Janes, T.Collins","Common","Present","Present","Present","J351","E. sideroxylon;E. albens;Helichrysum brateatum;Acacia sp.;;;;;"
"J352","A-I",,10,37,"Eucalyptus sideroxylon","2015-11-20",,-35.25665,147.68486,"WGS84","NSW","Tarcutta, Mates Gully Rd.",,"Granite/Basalt","sand","S","J.Janes","Common",,,"Present","J352","E. polyanthemos;;;;;;;;"
"J353","A-D",,5,38,"Eucalyptus polyanthemos","2015-11-20",,-35.8453,147.19722,"WGS84","NSW","Blue Metal Rest Area, M31",338,"Sandstone","sand-clay","SE","J.Janes","Common","Present","Present","Present","J353","E. moluccana;Roadside;;;;;;;"
"J354","A-D",,5,39,"Eucalyptus moluccana","2015-11-20",,-35.84469,147.19794,"WGS84","NSW","Blue Metal Rest Area, M31",,,,,"J.Janes","Common","Present",,"Present","J354","E. polyanthemos;Roadside;;;;;;;"
"J355","A",,10,40,"Eucalyptus sideroxylon","2015-11-21",,-36.09264,146.61917,"WGS84","VIC","Chiltern, Chiltern-Howlong Rd.",196,,"gravel-sand","S","J.Janes","Common",,,"Present","J355","Bayeria viscosa;Helichrysum viscosum;Acacia sp.;;;;;;"
"J355","B",,,,"Hybrid? Sider x micro","2015-11-21",,-36.08961,146.62105,"WGS84","VIC","Chiltern, Chiltern-Howlong Rd.",196,,"gravel-sand","S","J.Janes","Common",,,"Present","J355B","Bayeria viscosa;Helichrysum viscosum;Acacia sp.;;;;;;"
"J355","C-I",,10,40,"Eucalyptus sideroxylon","2015-11-21",,-36.09264,146.61917,"WGS84","VIC","Chiltern, Chiltern-Howlong Rd.",196,,"gravel-sand","S","J.Janes","Common",,,"Present","J355","Bayeria viscosa;Helichrysum viscosum;Acacia sp.;;;;;;"
"J355 - Recollect","A-D",,5,40,"Eucalyptus sideroxylon","2016-12-02","Recollected but originals already in herbarium",-36.09264,146.61917,"WGS84","VIC","Chiltern, Chiltern-Howlong Rd.",196,,"gravel-sand","S","J.Janes, T.Collins","Common",,,"Present","J355","Bayeria viscosa;Helichrysum viscosum;Acacia sp.;;;;;;"
"J356","A-D",,5,41,"Eucalyptus microcarpa (?)","2015-11-21",,-36.09272,146.61929,"WGS84","VIC","Chiltern, Chiltern-Howlong Rd.",194,,"gravel-sand","S","J.Janes","Common",,,"Present","J356",";;;;;;;;"
"J357","A-D",,5,42,"Eucalyptus melliodora","2015-11-21",,-36.019,146.29446,"WGS84","NSW","Collendina State Forest, Spring Dr.",140,"Granite","red sand","W","J.Janes","Common","Present","Present","Present","J357","E. microcarpa;grassland;red gum;Stipa platychaeta;;;;;"
"J357 - Recollect","A-E",,6,42,"Eucalyptus melliodora","2016-12-02","Recollected but originals already in herbarium",-36.019,146.29446,"WGS84","NSW","Collendina State Forest, Spring Dr.",140,"Granite","red sand","W","J.Janes, T.Collins","Common","Present","Present","Present","J357","E. microcarpa;grassland;red gum;Stipa platychaeta;;;;;"
"J358","A-D",,5,43,"Eucalyptus melliodora","2015-11-21",,-35.38973,146.35303,"WGS84","NSW","Urana, Walbundrie Rd.",138,"Granite","clay-sand",0,"J.Janes","Common",,,"Present","J358","Grasses;Stipa;Vulpia bromoides;Convolvulus erubescens;Helichrysum bracteatum;;;;"
"J359","A-I",,10,44,"Eucalyptus sideroxylon","2015-11-21",,-34.47594,147.40941,"WGS84","NSW","Ingalba Nature Reserve, Hwy 94",327,"Granite/Basalt","clay-loam",0,"J.Janes","Common",,,"Present","J359","E. microcarpa;Acacia;Dianella;Callitris sp;;;;;"
"J360","A-D",,5,45,"Eucalyptus conica","2015-11-21",,-34.01205,148.12904,"WGS84","NSW","Orange, Old Forbes Rd.",322,"Granite","Fine sand w rock",0,"J.Janes","Rare",,,"Present","J360","E. microcarpa;Yellow paper daisy;Callitris sp;;;;;;"
"J361","A-I",,10,46,"Eucalyptus albens","2015-11-22",,-33.42118,148.51154,"WGS84","NSW","Nangar Natl Park, Dripping Rock Rd.",525,,,"N","J.Janes","Common",,,"Present","J361","moss;Yellow paper daisy;Callitris sp;Stipa;Danthonia;;;;"
"J362","A-I",,10,47,"Eucalyptus sideroxylon","2015-11-22",,-33.42108,148.51126,"WGS84","NSW","Nangar Natl Park, Dripping Rock Rd.",521,,,"N","J.Janes","Common",,,"Present","J362","moss;Yellow paper daisy;Callitris sp;Stipa;Danthonia;;;;"
"J363","B-D",,4,48,"Eucalyptus microcarpa","2015-11-22",,-33.41328,148.22136,"WGS84","NSW","Eugowra, Escort Way",260,,,,"J.Janes","Common",,,"Present","J363","Acacia;callitris;Fringe lilly;E. conica;;;;;"
"J364",,,,49,"Eucalyptus conica","2015-11-22",,-33.41328,148.22136,"WGS84","NSW","Eugowra, Escort Way",260,,,,"J.Janes","Common",,,"Present","J364","Acacia;callitris;Fringe lilly;E. microcarpa;;;;;"
"J364 - Recollect",,,1,49,"Eucalyptus conica","2016-11-30","Recollected but originals already in herbarium",-33.41328,148.22136,"WGS84","NSW","Eugowra, Escort Way",260,,,,"J.Janes, T.Collins","Common",,,"Present","J364","Acacia;callitris;Fringe lilly;E. microcarpa;;;;;"
"J365","A-D",,5,50,"Eucalyptus melliodora","2015-11-22",,-33.31832,148.97163,"WGS84","NSW","Glenwood State Forest, Cargo Rd.",887,"Granite","clay-sand","E","J.Janes","Common","Present",,"Present","J365","Pinus radiata;;;;;;;;"
"J366","A-D",,5,51,"Eucalyptus fibrosa","2015-11-22",,-33.12436,150.01617,"WGS84","NSW","Gardens of Stone Natl Park, Glen Davis Rd.",732,"Granite","sandy rock","NE","J.Janes","Common","Present",,"Present","J366","E. sideroxylon;Acacia;Dianella;E. stellulata;;;;;"
"J367","A-F",,10,52,"Eucalyptus sideroxylon","2015-12-15",,-30.5285,151.15897,"WGS84","NSW","Uralla-Kingstown Rd, Kingstown",791,"Granite","sand-gravel","W","J.Janes","Common",,"Present","Present","J367","Themeda sp;Eucalyptus moluccana;Davesia sp;Dianella sp;Callitris columellaris;;;;"
"J367","G",,,,"Eucalyptus sideroxylon","2015-12-15",,-30.5285,151.15897,"WGS84","NSW","Uralla-Kingstown Rd, Kingstown",791,"Granite","sand-gravel","W","J.Janes","Common",,"Present","Present","J367G","Themeda sp;Eucalyptus moluccana;Davesia sp;Dianella sp;Callitris columellaris;;;;"
"J367","H",,10,52,"Eucalyptus sideroxylon","2015-12-15",,-30.5285,151.15897,"WGS84","NSW","Uralla-Kingstown Rd, Kingstown",791,"Granite","sand-gravel","W","J.Janes","Common",,"Present","Present","J367","Themeda sp;Eucalyptus moluccana;Davesia sp;Dianella sp;Callitris columellaris;;;;"
"J367","I",,,53,"Hybrid? Sider x moluc","2015-12-15",,-30.52474,151.15401,"WGS84","NSW","Uralla-Kingstown Rd, Kingstown",787,"Granite","sand-gravel","W","J.Janes","Rare",,"Present","Present","J367I","Themeda sp;Eucalyptus moluccana;Davesia sp;Dianella sp;Callitris columellaris;;;;"
"J368","A",,2,54,"Eucalyptus caleyi","2015-12-15",,-30.57301,151.09172,"WGS84","NSW","Kingstwon-Retreat Rd, Kingstown",827,"Granite","sand-clay","W","J.Janes","Common (most on private land)",,,"Present","J368","Roadside;;;;;;;;"
"J369","B-D",,5,55,"Eucalyptus caleyi","2015-12-15",,-30.07144,151.09796,"WGS84","NSW","Thunderbolts Way, Bundarra",815,"Granite","sand-clay","W","J.Janes","Common",,,"Present","J369","Roadside;;;;;;;;"
"J369","A",,,,"Eucalyptus caleyi","2015-12-15",,-30.07144,151.09796,"WGS84","NSW","Thunderbolts Way, Bundarra",815,"Granite","sand-clay","W","J.Janes","Common",,,"Present","J369A","Roadside;;;;;;;;"
"J370","A-D",,5,56,"Eucalyptus fibrosa","2016-01-20",,-32.62925,151.87758,"WGS84","NSW","Bucketts Way, Stroud Road",24,"Granite","clay-loam","SW","J.Janes","Common",,,"Present","J370","Roadside;;;;;;;;"
"J371","A-D",,5,57,"Eucalyptus fibrosa","2016-01-20",,-32.23292,151.93147,"WGS84","NSW","Bucketts Way, Wards River",80,"Granite","sand-loam","NW","J.Janes","Common",,,"Present","J371","Roadside;;;;;;;;"
"J372","A-D",,5,58,"Eucalyptus polyanthemos","2016-01-24",,-37.60536,146.64015,,"VIC","Licola, Tamboritha Rd",234,"Granite","sand-loam","NW","J.Janes","Common","Present",,"Present","J372","Bayeria viscosa;Lepidosperma sp;Austrodanthonia sp;Mistletoe;;;;;"
"J373","A-D",,5,59,"Eucalyptus melliodora","2016-01-24",,-37.46662,147.83218,,"VIC","Doctors Flat",176,"Sandstone","sand-gravel","E","J.Janes","Common",,,"Present","J373","Acacia sp;stringybark;Mistletoe;Exocarpus sp;Plantago sp;;;;"
"J374","A-I",,10,60,"Eucalyptus albens","2016-01-24",,-37.36159,147.85228,,"VIC","Ensay",286,"Granite","sand","NW","J.Janes","Common","Present",,"Present","J374","Themeda sp;Austrostipa sp;Austrodanthonia caespitosa;;;;;;"
"J375","A-D",,5,61,"Eucalyptus melliodora","2016-01-25",,-37.40165,148.21443,,"VIC","Buchan",246,"Granite","sand-loam","NW","J.Janes","Common",,,"Present","J375","Themeda sp;Acacia melanoxylon;Eucalyptus albens;Mistletoe;;;;;"
"J376","A-I",,10,62,"Eucalyptus albens","2016-01-25",,-37.07782,148.34419,,"VIC","McKillop Bridge",689,"Granite","rock-loam","SE","J.Janes","Common","Present",,"Present","J376","Poa sp;Cyathodes sp;Acacia sp;Exocarpus sp;;;;;"
"J377","A-I",,10,63,"Eucalyptus albens","2016-01-25",,-36.96985,148.30525,,"VIC","Suggan Buggan",589,"Granite","rock-loam","W","J.Janes","Common",,,"Present","J377","Poa sp;Cyathodes sp;Acacia sp;Exocarpus sp;;;;;"
"J378","A-D",,5,64,"Eucalyptus melliodora","2016-01-25",,-36.88718,148.42012,,"VIC/NSW","Kosciousko NP",256,"Granite","sand-loam","E","J.Janes","Common","Present",,"Present","J378","Lomandra longifolia;Callitris sp;Acacia dealbata;Eucalyptus albens;;;;;"
"J379","A-D",,5,65,"Eucalyptus polyanthemos (?)","2016-01-26",,-36.94525,149.4919,,"NSW","Bombala",287,"Granite","sand","SE","J.Janes","Common",,,"Present","J379","Casuarina sp;Acacia dealbata;Mistletoe;Leptospermum sp;;;;;"
"J380","A-D",,5,66,"Eucalyptus polyanthemos","2016-01-26",,-37.11934,149.65784,,"NSW","Pericoe",263,"Granite","sand-rock","S ","J.Janes","Common","Present",,"Present","J380","Brachychrysum sp;Pinus radiata;Austrodanthonia sp;Acacia dealbata;;;;;"
"J381","A-D",,5,67,"Eucalyptus polyanthemos","2016-01-27",,-37.3619,149.66098,,"VIC","Bruthen",99,,"gravel-sand","E","J.Janes","Common","Present",,,"J381","Roadside;Exocarpus sp;;;;;;;"
"J382","A-I",,10,68,"Eucalyptus albens","2016-01-27",,-37.21575,147.71677,,"VIC","Swifts Creek",327,,"gravel-sand","SE","J.Janes","Common","Present",,"Present","J382","Phalaris sp;Themeda triandra;Acacia dealbata;Rubus fruiticosus;;;;;"
"J383","A-D",,5,69,"Eucalyptus polyanthemos (?)","2016-01-27",,-36.31995,146.84286,,"VIC","Yambuck",366,,"gravel ",,"J.Janes","Common","Present",,"Present","J383","Roadside;;;;;;;;"
"J384","A-D",,5,70,"Eucalyptus polyanthemos","2016-01-29",,-36.16765,146.64908,,"VIC","Chiltern",287,"Granite","sand-clay","NW","J.Janes","Common","Present",,"Present","J384","Eucalyptus albens;Eucalyptus sideroxylon;Dianella sp;Briza minor;Acacia melanoxylon;Brachychrysum sp;Exocarpus crupressoides;;"
"J385","A-I",,10,71,"Eucalyptus sideroxylon","2016-01-29",,-36.17434,146.66263,,"VIC","Chiltern",239,"Granite","sand-clay","NW","J.Janes","Common","Present",,"Present","J385","Eucalyptus albens;Eucalyptus polyanthemos;Dianella sp;Briza minor;Acacia melanoxylon;Brachychrysum sp;Exocarpus crupressoides;;"
"J386","A-I",,10,72,"Eucalyptus albens","2016-01-29",,-36.14425,146.65103,,"VIC","Chiltern",245,"Granite","clay-loam","NW","J.Janes","Rare","Present",,"Present","J386","Eucalyptus sideroxylon;Eucalyptus polyanthemos;Dianella sp;Briza minor;Acacia melanoxylon;Brachychrysum sp;Exocarpus crupressoides;;"
"J387","A-I",,10,73,"Eucalyptus sideroxylon","2016-01-29",,-32.24456,146.18248,,"VIC","Warrangatta",233,"Granite","gravel-sand",,"J.Janes","Common","Present",,"Present","J387","Eucalyptus albens;Eucalyptus microcarpa;Themeda triandra;Austrodanthonia sp;Austrostipa sp;Exocarpus crupressoides;;;"
"J388","A-I",,10,74,"Eucalyptus albens","2016-01-29",,-36.26528,146.15425,,"VIC","Warrangatta",268,"Granite","gravel-sand",,"J.Janes","Common",,,"Present","J388","Eucalyptus albens;Eucalyptus microcarpa;Themeda triandra;Austrodanthonia sp;Austrostipa sp;Exocarpus crupressoides;;;"
"J389","A-D",,5,75,"Eucalyptus polyanthemos","2016-01-29",,-36.60631,145.92644,,"VIC","Reef Road State Park",205,"Sandstone","clay-loam","S","J.Janes","Common","Present",,"Present","J389","Acacia melanoxylon;Eucalyptus albens;Fabaceae;;;;;;"
"J390","A-I",,10,76,"Eucalyptus albens","2016-01-29",,-36.5877,145.96066,,"VIC","Reef Road State Park",187,"Sandstone","clay-loam",,"J.Janes","Rare","Present",,"Present","J390","Eucalyptus microcarpa;Eucalyptus polyanthemos;Eucalyptus tricarpa;;;;;;"
"J391","A-D",,5,77,"Eucalyptus melliodora (?)","30/1/016",,-37.21685,145.73489,,"VIC","Alexandra",215,"Granite","rock-loam","E","J.Janes","Common",,,"Present","J391","Hypochaeris sp;Phalaris sp;;;;;;;"
"J392",,,1,78,"Eucalyptus tricarpa","2016-01-30",,-37.00641,145.00121,,"VIC","Puckapanyl",214,,,,"J.Janes","Common",,,"Present","J392","Eucalyptus tricarpa;;;;;;;;"
"J393","A-I",,10,79,"Eucalyptus albens","2016-01-30",,-36.93458,144.74492,,"VIC","Heathcote",258,"Granite","sand-clay","E","J.Janes","Common","Present",,"Present","J393","Roadside;;;;;;;;"
"J394","A-I",,10,80,"Eucalyptus albens (?)","2016-01-30",,-36.84715,144.52614,,"VIC","Lake Eppalock",205,"Granite","gravel-clay","W","J.Janes","Rare","Present",,"Present","J394","Vulpia bromoides;Sonchus sp;;;;;;;"
"J395",,,1,81,"Hybrid albens x microcarpa","2016-01-31",,-36.76884,144.07336,,"VIC","Powers Rd, Woodstock on Loddon",204,"Granite",,,"J.Janes","Common","Present",,"Present","J395","Roadside;;;;;;;;"
"J396",,,1,82,"Eucalyptus odorata (?)","2016-01-31",,-36.81995,143.2767,,"VIC","Teddington Rd, Stuart Mill",293,,,,"J.Janes","Rare",,,"Present","J396","Roadside;;;;;;;;"
"J397","A-D",,5,83,"Eucalyptus leucoxylon","2016-02-01",,-37.28408,141.18732,,"VIC","Dergholm State Park",118,"Sandstone","sand",,"J.Janes","Common","Present",,"Present","J397","Pteridium esculentum;Acacia sp;;;;;;;"
"J398","A-D",,5,84,"Eucalyptus leucoxylon","2016-02-02",,-37.22194,142.04807,,"VIC","Cherrypool, Rockland Reservoir",225,"Sandstone","sand-loam","NE","J.Janes","Common","Present",,"Present","J398","Acacia sp;Austrodanthonia sp;;;;;;;"
"J399","A-D",,5,85,"Eucalyptus leucoxylon","2016-01-03",,-37.1632,144.08661,,"VIC","Castlemaine",259,"Sandstone","sand-clay","N","J.Janes","Common","Present",,"Present","J399","Acacia sp;Austrodanthonia sp;Briza minor;Mistletoe;;;;;"
"J400","A-D",,5,86,"Eucalyptus moluccana","2016-04-05",,-30.44375,151.25961,,"NSW","Torreyburn Rd, Yarrowyck",799,"granite","rocky-loam",,"J.Janes","Common","Present",,"Present","J400","Angophora;Brachychrysum;;;;;;;"
"J401","A-I",,10,87,"Eucalyptus sideroxylon","2016-04-05",,-30.44023,151.25069,,"NSW","Torreyburn Rd, Yarrowyck",747,"granite","rocky-loam",,"J.Janes","Common","Present",,,"J401","Eucalyptus moluccana;Dodonea;Bursaria spinosa;Lepidosperma;;;;;"
"J401","F",,,88,"Eucalyptus sideroxylon","2016-04-05",,-30.44089,151.25194,,"NSW","Torreyburn Rd, Yarrowyck",747,"granite","rocky-loam",,"J.Janes","Common",,,"Present","J401F","Eucalyptus moluccana;Dodonea;Bursaria spinosa;Lepidosperma;;;;;"
"J402","A-D",,5,89,"Eucalyptus caleyi","2016-04-05",,-30.04322,150.94122,,"NSW","Bundarra Rd, Copeton",739,"granite","sand-loam",,"J.Janes","Rare","Present","Present","Present","J402","Callitris columellaris;Themeda;Angophora;;;;;;"
"J403","A-D",,5,90,"Eucalyptus caleyi","2016-04-05",,-29.92441,150.93559,,"NSW","Copeton Dam Rd",626,"granite","sand",,"J.Janes","Rare","Present",,"Present","J403","Callitris columellaris;Callitris monticola;Dianella;Austrostipa;;;;;"
"J404","A-D",,5,91,"Eucalyptus caleyi","2016-04-05",,-29.98952,150.85857,,"NSW","Copeton Dam Rd",619,"granite","sand",,"J.Janes","Rare","Present",,"Present","J404","Callitris columellaris;Callitris monticola;Dianella;Austrostipa;;;;;"
"J405","A-I",,10,92,"Eucalyptus sideroxylon","2016-04-05",,-30.22862,151.23865,,"NSW","Baldersleigh Rd",741,"granite","gravel-sand",,"J.Janes","Common","Present",,"Present","J405","Eucalyptus melliodora;;;;;;;;"
"J406","A-I",,10,93,"Eucalyptus albens","2016-04-05",,-30.23707,151.252,,"NSW","Baldersleigh Rd, The Basin",775,"granite","gravel-sand",,"J.Janes","Common","Present",,"Present","J406",";;;;;;;;"
"J407","A-C",,4,94,"Eucalyptus fibrosa","2016-04-06",,-30.05045,152.63814,,"NSW","Nymboidea",643,"granite","gravel-loam","W","J.Janes","Common",,,"Present","J407","Ghania grandis;Exocarpus;Callitris;Bayeria;Lomandra;Acacia;;;"
"J408",,,1,95,"Eucalptus crebra","2016-04-06",,-29.92432,152.75188,,"NSW","Nymboidea",119,"granite","sand-loam","NE","J.Janes","Rare",,,,"J408",";;;;;;;;"
"J409",,,1,96,"Eucalyptus fibrosa","2016-04-06",,-29.92485,152.75122,,"NSW","Nymboidea",115,"granite","sand-loam","NE","J.Janes","Rare",,,"Present","J409",";;;;;;;;"
"J410","A-D",,5,97,"Eucalyptus crebra","2016-04-07",,-29.69687,152.10593,,"NSW","Old Grafton Rd, Gibraltar",483,"sandstone","sand-gravel","E","J.Janes","Common",,,"Present","J410","Casuarina;Eucalyptus fibrosa;;;;;;;"
"J411",,,1,98,"Eucalyptus fibrosa","2016-04-07",,-29.69674,152.10576,,"NSW","Old Grafton Rd, Gibraltar",465,"sandstone","sand-gravel","E","J.Janes","Rare",,,,"J411","Casuarina;Eucalyptus crebra;;;;;;;"
"J412","A-D",,5,101,"Eucalyptus moluccana","2016-06-16",,-30.96459,150.84267,,"NSW","Appleby Rd, Moonbi",261,"basalt","clay-sand","SE","J.Janes","Common","Present","Present","Present","J412","Notolea sp;Austrostipa sp;Hyparrhenia hirta;;;;;;"
"J413","A-I",,10,102,"Eucalyptus albens","2016-06-16","H may be moluccana",-30.70737,150.09621,,"NSW","Boggabri - private land",261,"basalt","clay-sand","E","J.Janes","common","Present","Present","Present","J413","Eucalyptus populnea;Bursaria sp;;;;;;;"
"J414","A-D",,5,103,"Eucalyptus albens","2016-06-16","D may be microcarpa",-30.49283,149.94203,,"NSW","Narrabri",235,"basalt","clay-sand","E","J.Janes","Common",,,"Present","J414","Eucalyptus populnea;Bursaria sp;;;;;;;"
"J415","A-D",,5,104,"Eucalyptus crebra","2016-06-17",,-30.24,149.88559,,"NSW","Killarney Forest, Narrabri",278,"basalt","clay-sand",,"J.Janes","Common",,,,"J415","Eucalyptus chloroclada;Casuarina;Acacia sp;Callitris sp;;;;;"
"J416","A-I",,10,105,"Eucalyptus sideroxylon","2016-06-17",,-30.32322,149.26971,,"NSW","Weewaa",183,"granite/gilgai","sand","SW","J.Janes","Common","Present","Present","Present","J416","Eucalyptus pilligaensis;Eucalyptus populnea;Acacia harpophylla;;;;;;"
"J417","A",,2,99,"Eucalyptus crebra","2016-06-17",,-30.32377,149.26567,,"NSW","Weewaa",181,"granite/gilgai","sand",,"J.Janes","Common","Present","Present","Present","J417","Eucalyptus pilligaensis;Eucalyptus populnea;Acacia harpophylla;;;;;;"
"J418","A-I",,10,106,"Eucalyptus sideroxylon","2016-06-17",,-31.05012,149.23013,,"NSW","The Pilliga",387,"basalt","sand-clay","NE","J.Janes","Common",,,"Present","J418","Smooth gum;Exocarpus;Casuarina sp;Dianella sp;;;;;"
"J419","A-I",,10,100,"Eucalyptus albens","2016-06-23",,-31.35926,148.93951,,"NSW","Warrumbungle",502,"basalt","clay-loam","NE","J.Janes","Common",,,"Present","J419","Eucalyptus crebra;Angophora floribunda;Casuarina sp;Callitris sp;Callitris endlicheri;Eucalyptus moluccana;;;"
"J420","A-D",,5,,"Eucalyptus moluccana","2016-06-23",,-31.35926,148.93951,,"NSW","Warrumbungle",502,"basalt","clay-loam","NE","J.Janes","Common",,,"Present","J420","Eucalyptus crebra;Angophora floribunda;Casuarina sp;Callitris sp;Callitris endlicheri;Eucalyptus albens;;;"
"J421","A-I",,10,107,"Eucalyptus sideroxylon","2016-06-23",,-32.36597,148.23103,,"NSW","Narromine",270,"basalt","sand-rock","E","J.Janes","Rare",,,"Present","J421","Eucalyptus moluccana;Themeda triandra;Cynodon dactylon;;;;;;"
"J422","A-I",,10,108,"Eucalyptus sideroxylon","2016-06-24",,-32.22311,148.66797,,"NSW","Dubbo",344,"basalt","sand-rock","SW","J.Janes","Common",,,"Present","J422","Callitris sp;Callitris endlicheri;Casuarina sp;Eustrephus latifolius;Acacia sp;;;;"
"J423","A-I",,10,109,"Eucalyptus moluccana","2016-06-24",,-31.82373,149.68475,,"NSW","Coolah",653,"granite","rocky-clay","SE","J.Janes","Common","Present",,"Present","J423","Eucalyptus melliodora;;;;;;;;"
"J424","A-I",,10,110,"Eucalyptus albens","2016-06-24","G may be moluccana, C may be microcarpa",-31.71111,150.6998,,"NSW","Ardglen",434,"granite","sand-gravel","SW","J.Janes","Common","Present",,"Present","J424","Grasses;;;;;;;;"
"J425","A-I",,10,111,"Eucalyptus sideroxylon","2016-07-09","very big fruit",-30.30756,151.20671,,"NSW","Bundarra",663,"granite","sand-clay","W","J.Janes","Common",,,"Present","J425","Stringy bark;Eucalyptus albens;Eustrapheus latifolius;Helichrysum sp;;;;;"
"J426","A-I",,10,112,"Eucalyptus albens","2016-07-09","Had small fruit but urn shaped and disc depressed - Reps D/H/E/G/F/I may be microcarpa",-30.30846,151.20667,,"NSW","Bundarra",697,"granite","sand-clay","W","J.Janes","Common",,,"Present","J426","Stringy bark;Eucalyptus albens;Eustrapheus latifolius;Helichrysum sp;;;;;"
"J427","A-D",,5,113,"Eucalyptus caleyi","2016-07-09",,-30.36709,151.25757,,"NSW","Bundarra",759,"granite","rock-sand","SE","J.Janes","Common",,,"Present","J427","Eucalyptus moluccana;Acacia cultriformis;Epacris sp;Eustraphus latifolius;Themeda triandra;Austrostipa sp;;;"
"J428","A-I",,10,114,"Eucalyptus albens","2016-07-09","some look more moluccana",-29.6731,151.15315,,"NSW","Inverell",631,"granite","clay-loam","NE","J.Janes","Common",,,"Present","J428","Amyema miquelii;Angophora floribunda;Dianella sp;Austrostipa;Acacia sp;;;;"
"J429","A-I",,10,115,"Eucalyptus albens","2016-07-09",,-28.77243,151.21523,,"QLD","Texas ",356,"granite","sand-clay","SE","J.Janes","Common",,,,"J429","Amyema miquelii;Acacia sp;Austrostipa sp;;;;;;"
"J430","A-I",,10,116,"Eucalyptus sideroxylon","2016-07-10","D has pink flowers",-28.56925,151.07571,,"QLD","Inglewood",303,"basalt","sand-gravel","SE","J.Janes","Common","Present","Present","Present","J430","Leptospermum;Acacia sp;Callitris sp;Causarina sp;;;;;"
"J431","A-D",,5,117,"Eucalyptus crebra","2016-07-10",,-28.56955,151.07539,,"QLD","Inglewood",304,"basalt","sand-gravel","SE","J.Janes","Common","Present","Present","Present","J431","Leptospermum;Acacia sp;Callitris sp;Causarina sp;;;;;"
"J432","A",,2,118,"Eucalyptus fibrosa","2016-07-10",,-28.18033,151.66934,,"QLD","Glendon",539,"basalt","clay-sand","SE","J.Janes","Common","Present",,"Present","J432","Eucalyptus crebra;Eucalytpus microcarpa;Acacia;Austrodanthonia sp;Diplorrheana;;;;"
"J433","A-I",,10,119,"Eucalyptus sideroxylon","2016-07-10",,-28.17577,151.6577,,"QLD","Glendon",520,"basalt","rock-loam",,"J.Janes","Rare","Present",,"Present","J433","Eucalyptus microcarpa;Acacia sp;Ameyema miquelii;Geranium sp;Austrodanthonia sp;;;;"
"J434","A-B",,3,120,"Eucalyptus sideroxylon","2016-07-10","very big fruit",-27.7547,152.1189,,"QLD","Allora",499,"granite","rock-loam","SE","J.Janes","Rare",,,"Present","J434","Eucalyptus microcarpa;Eucalyptus crebra;Acacia sp;Opuntia;Austrodanthonia sp;;;;"
"J435","A-I",,10,121,"Eucalyptus sideroxylon","2016-07-10",,-26.36944,151.88103,,"QLD","Wondai",382,"Granite/Basalt","rock-clay","SE","J.Janes","Common","Present",,"Present","J435","Angophora floribunda;Corymbia sp;Acacia sp;Dodonea sp;Opuntia;Austrostipa sp;Austrodanthonia sp;;"
"J436","A-I",,10,122,"Eucalyptus albens (?)","2016-07-11","may be moluccana",-27.18896,151.73259,,"QLD","Kulpi",517,"granite","clay-loam","NE","J.Janes","Common","Present","Present","Present","J436","Acacia harpophylla;Opuntia;Themeda triandra;;;;;;"
"J437",,,1,123,"Eucalyptus sideroxylon x melliodora (?)","2016-11-28","Apparently missing from herbarium",-30.27552,151.18698,"WGS84","NSW","Bundarra, Thunderbolts Way",711,"Granite","sand","SW","J.Janes, T.Collins","Rare","Present",,"Present","J437","E. melliodora;;;;;;;;"
"J438",,,1,124,"Eucalyptus sideroxylon x melliodora (?)","2016-11-28","Apparently missing from herbarium",-30.27563,151.18764,"WGS84","NSW","Bundarra, Thunderbolts Way",,"Granite","sand","SW","J.Janes, T.Collins","Rare",,,"Present",,"E. melliodora;;;;;;;;"
"M1a",,,,,"Eucalyptus melliodora",,"No vouchers for these samples",-32.7527777777778,148.65555,,"NSW","Yeoval",,,,,,,,,,,";;;;;;;;"
"M1b",,,,,"Eucalyptus melliodora",,"No vouchers for these samples",-32.7527777777778,148.65555,,"NSW","Yeoval",,,,,,,,,,,";;;;;;;;"
"M1c",,,,,"Eucalyptus melliodora",,,-32.7527777777778,148.65555,,"NSW","Yeoval",,,,,,,,,,,";;;;;;;;"
"NAL05",,,1,,"Eucalyptus microcarpa","2013-10-16","Voucher with Rebecca Jordan",-32.3742,147.4871,,"NSW","Melrose-Trangie Rd, Albert Murrumbidgee NP",,,,,"R.Jordan",,,,,"J372",";;;;;;;;"
"NBJ30",,,1,,"Eucalyptus microcarpa","2013-11-18","Voucher with Rebecca Jordan",-35.05268,147.0439,,"NSW","Berry Jerry State Forest",,,,,"R.Jordan",,,,,"J373",";;;;;;;;"
"NCD30",,,1,,"Eucalyptus microcarpa","2013-11-17","Voucher with Rebecca Jordan",-32.89835,147.05836,,"NSW","Condobolin",,,,,"R.Jordan",,,,,,";;;;;;;;"
"NCR13",,,1,,"Eucalyptus microcarpa","2013-11-15","Voucher with Rebecca Jordan",-34.08362,148.51941,,"NSW","Crowther",,,,,"R.Jordan",,,,,"J374",";;;;;;;;"
"NCR37",,,1,,"Eucalyptus microcarpa","2013-11-15","Voucher with Rebecca Jordan",-34.08949,148.51412,,"NSW","Crowther",,,,,"R.Jordan",,,,,,";;;;;;;;"
"NDU10",,,1,,"Eucalyptus microcarpa","2013-10-15","Voucher with Rebecca Jordan",-32.32624,148.51287,,"NSW","Dubbo",,,,,"R.Jordan",,,,,,";;;;;;;;"
"NE10467",,,1,,"Eucalyptus porosa","1960-11-10","Already in herbarium",-30.3333333333333,135.65,,"SA","Lake  Eyre",,,,,"DE.Symon",,,,,"J437",";;;;;;;;"
"NE25923",,,1,,"Eucalpyptus woollsiana","1972-09-05","Already in herbarium",-26.5333333333333,148.133333333333,,"QLD","Maranoa",,,,,"NCW.Beadle",,,,,,";;;;;;;;"
"NE25953",,,1,,"Eucalyptus porosa","1972-11-02","Already in herbarium",-32.75,134.6,,"SA","Eyre Peninsula",,,,,"NCW.Beadle",,,,,"J438",";;;;;;;;"
"NE35955",,,1,,"Eucalyptus porosa","1972-11-04","Already in herbarium",-35.7,139.85,,"SA","Coonalpyn",,,,,"NCW.Beadle",,,,,,";;;;;;;;"
"NE35959",,,1,,"Eucalyptus porosa","1972-11-04","Already in herbarium",-35.1166666666667,139.066666666667,,"SA","Murray",,,,,"NCW.Beadle",,,,,,";;;;;;;;"
"NE36811",,,1,,"Eucalyptus odorata ","1964-01-14","Already in herbarium",-35.5333333333333,138.566666666667,,"SA","Hall Creek Road",,,,,"TRN.Lothian",,,,,,";;;;;;;;"
"NE37169",,,1,,"Eucalyptus odorata ","1960-06-11","Already in herbarium",-32.7833333333333,138.066666666667,,"SA","Alligator Creek",,,,,"DE.Symon",,,,,,";;;;;;;;"
"NE37647",,,1,,"Eucalpyptus woollsiana","1978-09-11","Already in herbarium",-30.4,149.183333333333,,"NSW","Narrabri",,,,,"JB.Williams",,,,,,";;;;;;;;"
"NE4583",,,1,,"Eucalpyptus woollsiana","1958-10-01","Already in herbarium",-31.6666666666667,148.5,,"NSW","Gilgandra",,,,,"RT.Baker",,,,,,";;;;;;;;"
"NE67754",,,1,,"Eucalyptus odorata ","1994-08-27","Already in herbarium",-34.6666666666667,138.8,,"SA","Sandland Road",,,,,"RJ.Bates",,,,,,";;;;;;;;"
"NE90535",,,1,,"Eucalpyptus woollsiana","2006-10-25","Already in herbarium",-28.2475,151.176111111111,,"QLD","Inglewood",,,,,"PI.Forster",,,,,,";;;;;;;;"
"RA1006",,,1,,"Eucalyptus albens",,"Voucher with Rose Andrew",,,,,"Bundarra Rd",,,,,,,,,,,";;;;;;;;"
"RA1007",,,1,,"Eucalyptus albens",,"Voucher with Rose Andrew",,,,,"Bundarra Rd",,,,,,,,,,,";;;;;;;;"
"TLC715",,,,,"Eucalyptus conica",,"Voucher with Tim Collins",-28.68758,151.96238,,"QLD","Storm King",,,,,"T.Collins",,,,,,";;;;;;;;"
"TLC720",,,,,"Eucalyptus conica",,"Voucher with Tim Collins",-29.06569,151.98833,,"NSW","Tenterfield ",,,,,"T.Collins",,,,,,";;;;;;;;"
"TLC725",,,,,"Eucalyptus conica",,"Voucher with Tim Collins",-29.60563,151.86797,,"NSW","Dundee",,,,,"T.Collins",,,,,,";;;;;;;;"
"TLC726",,,,,"Eucalyptus conica",,"Voucher with Tim Collins",-30.28358,151.19619,,"NSW","Abington",,,,,"T.Collins",,,,,,";;;;;;;;"
"TLC775",,,,,"Eucalyptus conica",,"Voucher with Tim Collins",-28.39502,151.31197,,"QLD","Inglewood ",,,,,"T.Collins",,,,,,";;;;;;;;"
"VMA01",,"MEL2375659A",1,,"Eucalyptus microcarpa","2013-10-28","Voucher with Rebecca Jordan",-36.77474,141.81787,,"VIC","Mt Arapiles State Park",,,,,"W.A.Gebert",,,,,,";;;;;;;;"
"VMA18",,"MEL2375667A",1,,"Eucalyptus microcarpa","2013-10-28","Voucher with Rebecca Jordan",-36.77474,141.82599,,"VIC","Mt Arapiles State Park",,,,,"W.A.Gebert",,,,,,";;;;;;;;"
"VMA30",,"MEL2375669A",1,,"Eucalyptus microcarpa","2013-10-28","Voucher with Rebecca Jordan",-36.77254,141.82553,,"VIC","Mt Arapiles State Park",,,,,"W.A.Gebert",,,,,,";;;;;;;;"
"VWG14",,,1,,"Eucalyptus microcarpa","2013-12-03","Voucher with Rebecca Jordan",-37.67129,144.36256,,"VIC","Werribee Gorge State Park",,,,,"R.Jordan",,,,,,";;;;;;;;"
