Collection,Tree,,,,,,hddd.dddd,,ddd mm ss,,,,,,,,,,,,,,,,,,,,,,
ID,Sub-IDs,Total # samples,Tag #,Species,Date,Notes,Latitude,Longitude,Latitude,Longitude,Datum,State,Location,Altitude (m),Geology,Soil,Aspect,Collector,Abundance,Buds,Flowers,Fruit,Photos,Associated species,Associated species,Associated species,Associated species,Associated species,Associated species,Associated species,Associated species
J293,,1,001,Eucalyptus albens,2015-09-29,,-30.89420,150.66708,"-30°53'39.1200""","150°40'01.4880""",WGS84,NSW,"Keepit, Old Menedebri Rd",564,Basalt,loam,N,J.Janes,Common,Present,,Present,J293,Themeda sp,Trifolium sp,Opuntia stricta,Dianella sp,Amyema miquelii,Asphodelus fistulosus,,
J294,,1,002,Eucalyptus albens,2015-09-29,repeat of 293 (should have been collected as 293A),-30.89420,150.66708,"-30°53'39.1200""","150°40'01.4880""",WGS84,NSW,"Keepit, Old Menedebri Rd",564,Basalt,loam,N,J.Janes,Common,Present,,Present,,Themeda sp,Trifolium sp,Opuntia stricta,Dianella sp,Amyema miquelii,Asphodelus fistulosus,,
J295,,1,,Eucalyptus albens,2015-09-29,,-30.89198,150.67280,"-30°53'31.1280""","150°40'22.0800""",WGS84,NSW,"Keepit, Somerton Main Rd",442,Basalt,sandy-loam,NW,J.Janes,Common,Present,Present,,J295,Themeda sp,Trifolium sp,Opuntia stricta,Dianella sp,,,,
J296,,1,003,Eucalyptus melliodora,2015-09-29,,-30.65167,150.87812,"-30°39'06.0120""","150°52'41.2320""",WGS84,NSW,"Namoi River, Dunmore Rd",408,Granite,sandy-loam,SW,J.Janes,Common,Present,Present,Present,J296,Angophora floribunda,grasses,,,,,,
J297,,1,,Eucalyptus melliodora,2015-09-29,repeat of 297 (should have been collected as J296A),-30.65190,150.87828,"-30°39'06.8400""","150°52'41.8080""",WGS84,NSW,"Namoi River, Dunmore Rd",408,Granite,sandy-loam,SW,J.Janes,Common,Present,Present,,,Angophora floribunda,grasses,,,,,,
J298,,1,,Eucalyptus sideroxylon,2015-09-29,,-30.15277,151.07437,"-30°09'09.9720""","151°04'27.7320""",WGS84,NSW,"Bundarra, Thunderbolts Way",672,Granite,Sand ,,J.Janes,Rare,Present,Present,,J298,Grasses,,,,,,,
J299,,,,DISCARDED,,discarded,,,,,,,,,,,,,,,,,,,,,,,,,
J300,,1,,Eucalyptus sideroxylon,2015-09-30,,-29.80812,150.91918,"-29°48'29.2320""","150°55'09.0480""",WGS84,NSW,"Gum Flat, Copeton Dam Rd",653,Sandstone,Sand,SW,J.Janes,Common,,Present,Present,J300,Austrodanthonia sp,Aotus ericoides,Acacia hakeoides,Exocarpus cupressiformis,,,,
J301,,1,,Eucalyptus sideroxylon,2015-09-30,repeat of J300 (should have been collected as J300A),-29.80812,150.91918,"-29°48'29.2320""","150°55'09.0480""",WGS84,NSW,"Gum Flat, Copeton Dam Rd",653,Sandstone,Sand,SW,J.Janes,Common,,Present,Present,,Austrodanthonia sp,Aotus ericoides,Acacia hakeoides,Exocarpus cupressiformis,,,,
J302,,1,004,Eucalyptus albens,2015-09-30,,-30.14391,150.05293,"-30°08'38.0760""","150°03'10.5480""",WGS84,NSW,"Sawn Rocks, Kilarney Gap Rd",482,Basalt,Sand,SE,J.Janes,Common,Present,Present,,J302,Clematis microphylla,Acacia sp,Swainsonia sp,,,,,
J303,,1,,Eucalyptus albens,2015-09-30,repeat of J302 (should have been collected as J302A),-30.14391,150.05293,"-30°08'38.0760""","150°03'10.5480""",WGS84,NSW,"Sawn Rocks, Kilarney Gap Rd",482,Basalt,Sand,SE,J.Janes,Common,Present,Present,,J303,Clematis microphylla,Acacia sp,Swainsonia sp,,,,,
J304,,1,,Eucalyptus albens,2015-09-30,repeat of J302 (should have been collected as J302B),-30.14391,150.05293,"-30°08'38.0760""","150°03'10.5480""",WGS84,NSW,"Sawn Rocks, Kilarney Gap Rd",482,Basalt,Sand,SE,J.Janes,Common,Present,Present,,,Clematis microphylla,Acacia sp,Swainsonia sp,,,,,
J305,,1,,Eucalyptus pilligaensis,2015-09-30,,-30.13395,149.48317,"-30°08'02.2200""","149°28'59.4120""",WGS84,NSW,"Narrabri, Newell Hwy",240,Basalt,Sand,,J.Janes,Rare,Present,,,,Roadside,,,,,,,
J306,,1,,?,2015-09-30,unidentified - not sure that this is actually in the freezer,-30.13395,149.48317,"-30°08'02.2200""","149°28'59.4120""",WGS84,NSW,"Narrabri, Newell Hwy",240,Basalt,Sand,,J.Janes,Rare,Present,,,,Roadside,,,,,,,
J307,,1,,Eucalyptus crebra ?,2015-09-30,,-30.22665,149.80940,"-30°13'35.9400""","149°48'33.8400""",WGS84,NSW,"Narrabri, Newell Hwy",240,Basalt,Sand,,J.Janes,Rare,Present,,,,Roadside,,,,,,,
J308,,1,,Eucalyptus populnea,2015-09-30,,-30.22025,149.83597,"-30°13'12.9000""","149°50'09.4920""",WGS84,NSW,"Narrabri, Killarney Forest",258,Basalt,Sand,W,J.Janes,Common,Present,,,,,,,,,,,
J309,,1,,?,2015-09-30,unidentified - not sure that this is actually in the freezer,-30.22025,149.83597,"-30°13'12.9000""","149°50'09.4920""",WGS84,NSW,"Narrabri, Killarney Forest",258,Basalt,Sand,W,J.Janes,Common,Present,,,J309,,,,,,,,
J310,,1,,Eucalyptus populnea,2015-09-30,repeat of J308 (should have been collected as J308A),-30.22025,149.83597,"-30°13'12.9000""","149°50'09.4920""",WGS84,NSW,"Narrabri, Killarney Forest",258,Basalt,Sand,W,J.Janes,Common,Present,,,J310,,,,,,,,
J311,,1,005,Eucalyptus fibrosa ?,2015-09-30,,-30.60224,149.58173,"-30°36'08.0640""","149°34'54.2280""",WGS84,NSW,"Pilliga, Newell Hwy",303,Basalt,Sand,,J.Janes,Common,Present,,Present,J311,Zieria aspalathoides,Boronia sp,Acacia sp,Spyridium sp,,,,
J312,,1,,Eucalyptus sideroxylon,2015-09-30,,-30.60224,149.58173,"-30°36'08.0640""","149°34'54.2280""",WGS84,NSW,"Pilliga, Newell Hwy",303,Basalt,Sand,,J.Janes,Common,Present,,Present,J312,Zieria aspalathoides,Boronia sp,Acacia sp,Spyridium sp,,,,
J313,,1,,Eucalyptus fibrosa,2015-09-30,Apparently missing from herbarium,-30.60224,149.58173,"-30°36'08.0640""","149°34'54.2280""",WGS84,NSW,"Pilliga, Newell Hwy",303,Basalt,Sand,,J.Janes,Common,Present,,Present,J313,Zieria aspalathoides,Boronia sp,Acacia sp,Spyridium sp,,,,
J314,,1,,Eucalyptus fibrosa,2015-09-30,,-30.92855,149.36347,"-30°55'42.7800""","149°21'48.4920""",WGS84,NSW,"Pilliga, no 1 break rd",433,Basalt,Sand,,J.Janes,Common,Present,,,J314,Zieria aspalathoides,Boronia sp,Acacia sp,Spyridium sp,,,,
J315,,1,,Eucalyptus fibrosa,2015-09-30,repeat of J314 (should have been collected as J314A),-30.92855,149.36347,"-30°55'42.7800""","149°21'48.4920""",WGS84,NSW,"Pilliga, no 1 break rd",433,Basalt,Sand,,J.Janes,Common,Present,,,J315,Zieria aspalathoides,Boronia sp,Acacia sp,Spyridium sp,,,,
J316,,1,,Eucalyptus crebra,2015-09-30,,-30.92855,149.36347,"-30°55'42.7800""","149°21'48.4920""",WGS84,NSW,"Pilliga, no 1 break rd",433,Basalt,Sand,,J.Janes,rare,Present,,,J316,Zieria aspalathoides,Boronia sp,Acacia sp,Spyridium sp,,,,
J317,,1,,Eucalyptus crebra,2015-09-30,,-30.14459,150.05340,"-30°08'40.5240""","150°03'12.2400""",WGS84,NSW,"Sawn Rocks, parking lot",485,Basalt,Sand,W,J.Janes,Rare,,,Present,,,,,,,,,
J318,A-E,6,006,Eucalyptus melliodora,2015-10-11,,-31.37365,151.13779,"-31°22'25.1400""","151°08'16.0440""",WGS84,NSW,"Chaffey Dam, Tamworth Nundle Rd",532,,loam,W,J.Janes,Common,Present,Present,,J318,Eucalyptus camaldulensis,Geranium sp,Whalenbergia stricta,Acaena sp,Plantago sp,Asperula sp,,
J319,A-E,6,007,Eucalyptus melliodora,2015-10-11,,-31.55948,151.05664,"-31°33'34.1280""","151°03'23.9040""",WGS84,NSW,"Nundle, Crawney Rd",751,,sand,NNE,J.Janes,Common,Present,Present,Present,J319,Eucalyptus camaldulensis,grasses,,,,,,
J320,A-E,6,008,Eucalyptus moluccana,2015-10-11,,-31.72257,151.10243,"-31°43'21.2520""","151°06'08.7480""",WGS84,NSW,"Timor, Crawney Rd",486,Mudstone,clay-sand,W,J.Janes,Common,,,Present,J320,Roadside,,,,,,,
J321,B-G,7,009,Eucalyptus crebra,2015-10-12,Used J321G in sequencing,-32.75326,151.25224,"-32°45'11.7360""","151°15'08.0640""",WGS84,NSW,"Polkobin, Broke Rd",109,Mudstone,clay ,,J.Janes,Common,,,,J321,Corymbia sp,Allocasuarina sp,Pultonaea sp,Busaria spinosa,Acacia sp,,,
J322,A-E,6,010,Eucalyptus fibrosa,2015-10-12,,-32.75342,151.25269,"-32°45'12.3120""","151°15'09.6840""",WGS84,NSW,"Polkobin, Broke Rd",110,Mudstone,clay ,,J.Janes,Common,,,,J322,Corymbia sp,Allocasuarina sp,Pultonaea sp,Busaria spinosa,Acacia sp,,,
J323,A,2,011,Eucalyptus largiflorens (?),2015-10-12,,-32.40498,150.36256,"-32°24'17.9280""","150°21'45.2160""",WGS84,NSW,"Wollomi NP, Bylong Valley Way",117,Granite,loam-sand,W,J.Janes,Rare,Present,,,J323,Ghania sp,Acacia sp,Callitris sp,Epacris sp,Bursaria spinosa,Oxalus,,
J324,A-E,6,012,Eucalyptus conica,2015-10-12,,-32.44442,150.2812,"-32°26'39.9120""","150°16'52.3200""",WGS84,NSW,"Wollomi NP, Bylong Valley Way",213,Granite,loam-sand,E,J.Janes,Common,,,,J324,,,,,,,,
J325,,,,Eucalyptus baueriana,2015-10-12,Gave this sample to Tim at request of Rose therefore never entered in herbarium as we do not have a voucher,-32.49536,150.90842,"-32°29'43.2960""","150°54'30.3120""",WGS84,NSW,"Jerrys Plains, Golden Hwy",110,Basalt/Mudstone,clay-loam,N,J.Janes,Rare,,,,J325,Roadside,,,,,,,
J326,A-D,5,013,Eucalyptus moluccana,2015-11-03,Apparently missing from herbarium,-28.21744,152.84309,"-28°13'02.7840""","152°50'35.1240""",WGS84,QLD,"Rathdowney, Boonah Rathdowney Rd",103,Mudstone,clay-loam,,J.Janes,Common,,Present,Present,J326,Acacia verniciflua,Roadside,,,,,,
J327,A-D,5,014,Eucalyptus crebra,2015-11-03,Apparently missing from herbarium,-28.45172,152.39250,"-28°27'06.1920""","152°23'33.0000""",WGS84,NSW,"Koreelah, Tooloom Rd",533,Granite,loam,N,J.Janes,Common,Present,,Present,J327,Casuarina cunninghamiana,Dianella revoluta,Acacia burrowii,Eustraphus latifolius,,,,
J328,A-D,5,015,Eucalyptus moluccana,2015-11-03,,-28.43038,152.35915,"-28°25'49.3680""","152°21'32.9400""",WGS84,NSW,"Legume, Mt Lindsay Rd",480,Granite,clay,SW,J.Janes,Common,,,Present,J328,Roadside,,,,,,,
J329,A-C,4,016,Eucalyptus conica,2015-11-03,,-28.41028,152.29292,"-28°24'37.0080""","152°17'34.5120""",WGS84,NSW,"Legume, Mt Lindsay Rd",564,Granite,sand,S,J.Janes,Common,Present,,Present,J329,Ficus sp,Acacia burrowii,Clematis sp,smooth gum,,,,
J330,A-D,5,017,Eucalyptus fibrosa,2015-11-04,,-28.19138,151.61853,"-28°11'28.9680""","151°37'06.7080""",WGS84,QLD,"Karara, Cunningham Hwy",525,Basalt,sand,N,J.Janes,Common,,,Present,J330,Acacia clivicola,Acacia hakeoides,Dodonea cuneata,Callitris columellaris,,,,
J331,A-D,5,019,Eucalyptus crebra,2015-11-04,,-28.29549,151.48801,"-28°17'43.7640""","151°29'16.8360""",WGS84,QLD,"Gore, Cunningham Hwy",510,granite/sandstone,sand-clay,SW,J.Janes,Common,Present,,Present,J331,Acacia clivicola,Acacia hakeoides,Dodonea cuneata,Callitris columellaris,Eucalyptus sp,,,
J332,A-D,5,018,Eucalyptus sp (microcarpa?),2015-11-04,,-28.29549,151.48801,"-28°17'43.7640""","151°29'16.8360""",WGS84,QLD,"Gore, Cunningham Hwy",510,granite/sandstone,sand-clay,SW,J.Janes,Common,,,Present,J332,Acacia clivicola,Acacia hakeoides,Dodonea cuneata,Callitris columellaris,Eucalyptus crebra,,,
J333,A-D,5,020,Eucalyptus caleyi,2015-11-04,,-28.52431,151.10556,"-28°31'27.5160""","151°06'20.0160""",WGS84,QLD,"Inglewood, Inglewood Texas Rd",340,granite/sandstone,sand-clay,NE,J.Janes,Common,,,Present,J333,Acacia leptocarpa,Acacia cultriformis,,,,,,
J334,A-D,5,021,Eucalyptus moluccana (?),2015-11-04,,-28.53696,151.10815,"-28°32'13.0560""","151°06'29.3400""",WGS84,QLD,"Inglewood, Inglewood Texas Rd",335,granite/sandstone,sand-clay,E,J.Janes,Common,,,Present,J334,Acacia leptocarpa,Acacia cultriformis,,,,,,
J335,A-D,5,022,Eucalyptus microcarpa,2015-11-04,,-28.89198,151.14803,"-28°53'31.1280""","151°08'52.9080""",WGS84,NSW,"Texas, Texas Bridge Road",334,Sandstone,clay-sand,,J.Janes,Common,Present,Present,Present,J335,Roadside,,,,,,,
J336,,,,Eucalyptus conica,2015-11-04,,-29.10132,151.77156,,,WGS84,NSW,"Mole Creek, Mole Station rd",435,Sandstone,clay-sand,,J.Janes,Common,Present,Present,,J336,Roadside,,,,,,,
J337,,,,DISCARDED,,,,,,,,,,,,,,,,,,,,,,,,,,,
J338,A-D,5,023,Eucalyptus conica,2015-11-05,,-29.15425,152.00211,"-29°09'15.3000""","152°00'07.5960""",WGS84,NSW,"Tenterfield, Bluff rock lookout",854,Granite,loam-clay,SW,J.Janes,Common,Present,Present,Present,J338,Roadside,,,,,,,
J339,A-C,4,024,Eucalyptus moluccana,2015-11-05,,-29.45636,151.55505,"-29°27'22.8960""","151°33'18.1800""",WGS84,NSW,"Emmaville, Strathbogie Rd",873,Granite,clay-loam,S,J.Janes,Common,,,Present,J339,Roadside,Eucalyptus melliodora,Acacia leptocarpa,,,,,
J340,A-D,5,025,Eucalyptus melliodora,2015-11-05,,-29.45577,151.55405,"-29°27'20.7720""","151°33'14.5800""",WGS84,NSW,"Emmaville, Strathbogie Rd",874,Granite,clay-loam,S,J.Janes,Common,Present,Present,Present,J340,Roadside,Eucalyptus moluccana,Acacia leptocarpa,,,,,
J341,A-D,5,026,Eucalyptus albens,2015-11-05,,-29.40223,151.41655,"-29°24'08.0280""","151°24'59.5800""",WGS84,NSW,"Yellow Dam, Emmaville Rd",770,Granite,sand,W,J.Janes,Common,,,Present,J341,Clematis microphylla,Acacia leptocarpa,Themeda sp,,,,,
J342,A-D,5,027,Eucalyptus sideroxylon,2015-11-05,,-29.39087,151.39279,"-29°23'27.1320""","151°23'34.0440""",WGS84,NSW,"Yellow Dam, Emmaville Rd",734,Granite,sand,S,J.Janes,Common,Present,Present,Present,J342,Callitris columellaris,Acacia sp,,,,,,
J343,A-D,5,028,Eucalyptus crebra,2015-11-05,,-29.35816,151.30991,"-29°21'29.3760""","151°18'35.6760""",WGS84,NSW,"Yellow Dam, Emmaville Rd",642,Granite/mudstone,clay,N,J.Janes,Common,Present,,Present,J343,Callitris columellaris,Styphelia triflora,Melichrus urceolatus,Leucopogan muticus,,,,
J344,A-D,5,029,Eucalyptus polyanthemos,2015-11-19,,-35.33962,148.91113,"-35°20'22.6320""","148°54'40.0680""",WGS84,ACT,"Pierces Creek State Forest, Vanitys Crossing",640,Granite,hard red,N,J.Janes,Common,,,Present,J344,Dianella,Lepidosperma,Plantago,Acacia leptocarpa,,,,
J345,A-D,5,030,Eucalyptus albens,2015-11-20,,-35.07022,148.83685,"-35°04'12.7920""","148°50'12.6600""",WGS84,NSW,"Mullion, Mountain Creek Rd.",,Sandstone/Limestone,Rocky shale,,J.Janes,Common,,,Present,J345,E. melliodora,Themeda,Briza maxima,Exocarpus,Stuphelia,Lepidosperma,Dianella,Bursania
J346,A-D,5,031,Eucalyptus melliodora,2015-11-20,,-35.06954,148.83661,"-35°04'10.3440""","148°50'11.7960""",WGS84,NSW,"Mullion, Mountain Creek Rd.",498,Sandstone/Limestone,Rocky shale,NE,J.Janes,Common,Present,Present,Present,J346,E. albens,,,,,,,
J347,A-D,5,032,Eucalyptus polyanthemos,2015-11-20,,-35.09381,148.74881,"-35°05'37.7160""","148°44'55.7160""",WGS84,NSW,"Wee Jasper, Doctors Flat Rd.",740,limestone/granite,sandy,,J.Janes,Common,Present,,Present,J347,Cassinia adunca,Acacia deanei,,,,,,
J348,A-D,5,033,Eucalyptus polyanthemos,2015-11-20,,-35.24184,148.29729,"-35°14'30.6240""","148°17'50.2440""",WGS84,NSW,"Wee Jasper, Wee Jasper Rd.",448,,,NE,J.Janes,Common,,,Present,J348,E. albens,Angophora,Briza maxima,Plantago,,,,
J349,A-I,10,034,Eucalyptus albens,2015-11-20,,-35.24369,148.29680,"-35°14'37.2840""","148°17'48.4800""",WGS84,NSW,"Wee Jasper, Wee Jasper Rd.",462,,,NE,J.Janes,Common,,,Present,J349,E. polyanthemos,Briza,Plantago,Angophora,,,,
J350,A-I,10,035,Eucalyptus albens,2015-11-20,,-35.24560,147.68083,"-35°14'44.1600""","147°40'50.9880""",WGS84,NSW,"Tarcutta, Mates Gully Rd.",276,Basalt,sand,S,J.Janes,Common,,,Present,J350,Roadside,,,,,,,
J351,A-D,5,036,Eucalyptus polyanthemos (juv micro?),2015-11-20,,-35.25609,147.68506,"-35°15'21.9240""","147°41'06.2160""",WGS84,NSW,"Tarcutta, Mates Gully Rd.",287,Granite/Basalt,sand,S,J.Janes,Common,Present,Present,Present,J351,E. sideroxylon,E. albens,Helichrysum brateatum,Acacia sp.,,,,
J352,A-I,10,037,Eucalyptus sideroxylon,2015-11-20,,-35.25665,147.68486,"-35°15'23.9400""","147°41'05.4960""",WGS84,NSW,"Tarcutta, Mates Gully Rd.",,Granite/Basalt,sand,S,J.Janes,Common,,,Present,J352,E. polyanthemos,,,,,,,
J353,A-D,5,038,Eucalyptus polyanthemos,2015-11-20,,-35.84530,147.19722,"-35°50'43.0800""","147°11'49.9920""",WGS84,NSW,"Blue Metal Rest Area, M31",338,Sandstone,sand-clay,SE,J.Janes,Common,Present,Present,Present,J353,E. moluccana,Roadside,,,,,,
J354,A-D,5,039,Eucalyptus moluccana,2015-11-20,,-35.84469,147.19794,"-35°50'40.8840""","147°11'52.5840""",WGS84,NSW,"Blue Metal Rest Area, M31",,,,,J.Janes,Common,Present,,Present,J354,E. polyanthemos,Roadside,,,,,,
J355,A-I,10,040,Eucalyptus sideroxylon,2015-11-21,,-36.09264,146.61917,"-36°05'33.5040""","146°37'09.0120""",WGS84,VIC,"Chiltern, Chiltern-Howlong Rd.",196,,gravel-sand,S,J.Janes,Common,,,Present,J355,Bayeria viscosa,Helichrysum viscosum,Acacia sp.,,,,,
J355b,,,,Hybrid? Sider x micro,2015-11-21,,-36.08961,146.62105,"-36°05'22.5960""","146°37'15.7800""",WGS84,VIC,"Chiltern, Chiltern-Howlong Rd.",196,,gravel-sand,S,J.Janes,Common,,,Present,J355B,Bayeria viscosa,Helichrysum viscosum,Acacia sp.,,,,,
J356,A-D,5,041,Eucalyptus microcarpa (?),2015-11-21,,-36.09272,146.61929,"-36°05'33.7920""","146°37'09.4440""",WGS84,VIC,"Chiltern, Chiltern-Howlong Rd.",194,,gravel-sand,S,J.Janes,Common,,,Present,J356,,,,,,,,
J357,A-D,5,042,Eucalyptus melliodora,2015-11-21,,-36.01900,146.29446,"-36°01'08.4000""","146°17'40.0560""",WGS84,NSW,"Collendina State Forest, Spring Dr.",140,Granite,red sand,W,J.Janes,Common,Present,Present,Present,J357,E. microcarpa,grassland,red gum,Stipa platychaeta,,,,
J358,A-D,5,043,Eucalyptus melliodora,2015-11-21,,-35.38973,146.35303,"-35°23'23.0280""","146°21'10.9080""",WGS84,NSW,"Urana, Walbundrie Rd.",138,Granite,clay-sand,0,J.Janes,Common,,,Present,J358,Grasses,Stipa,Vulpia bromoides,Convolvulus erubescens,Helichrysum bracteatum,,,
J359,A-I,10,044,Eucalyptus sideroxylon,2015-11-21,,-34.47594,147.40941,"-34°28'33.3840""","147°24'33.8760""",WGS84,NSW,"Ingalba Nature Reserve, Hwy 94",327,Granite/Basalt,clay-loam,0,J.Janes,Common,,,Present,J359,E. microcarpa,Acacia,Dianella,Callitris sp,,,,
J360,A-D,5,045,Eucalyptus conica,2015-11-21,,-34.01205,148.12904,"-34°00'43.3800""","148°07'44.5440""",WGS84,NSW,"Orange, Old Forbes Rd.",322,Granite,Fine sand w rock,0,J.Janes,Rare,,,Present,J360,E. microcarpa,Yellow paper daisy,Callitris sp,,,,,
J361,A-I,10,046,Eucalyptus albens,2015-11-22,,-33.42118,148.51154,"-33°25'16.2480""","148°30'41.5440""",WGS84,NSW,"Nangar Natl Park, Dripping Rock Rd.",525,,,N,J.Janes,Common,,,Present,J361,moss,Yellow paper daisy,Callitris sp,Stipa,Danthonia,,,
J362,A-I,10,047,Eucalyptus sideroxylon,2015-11-22,,-33.42108,148.51126,"-33°25'15.8880""","148°30'40.5360""",WGS84,NSW,"Nangar Natl Park, Dripping Rock Rd.",521,,,N,J.Janes,Common,,,Present,J362,moss,Yellow paper daisy,Callitris sp,Stipa,Danthonia,,,
J363,B-D,4,048,Eucalyptus microcarpa,2015-11-22,,-33.41328,148.22136,"-33°24'47.8080""","148°13'16.8960""",WGS84,NSW,"Eugowra, Escort Way",260,,,,J.Janes,Common,,,Present,J363,Acacia,callitris,Fringe lilly,E. conica,,,,
J364,,,049,Eucalyptus conica,2015-11-22,,-33.41328,148.22136,"-33°24'47.8080""","148°13'16.8960""",WGS84,NSW,"Eugowra, Escort Way",260,,,,J.Janes,Common,,,Present,J364,Acacia,callitris,Fringe lilly,E. microcarpa,,,,
J365,A-D,5,050,Eucalyptus melliodora,2015-11-22,,-33.31832,148.97163,"-33°19'05.9520""","148°58'17.8680""",WGS84,NSW,"Glenwood State Forest, Cargo Rd.",887,Granite,clay-sand,E,J.Janes,Common,Present,,Present,J365,Pinus radiata,,,,,,,
J366,A-D,5,051,Eucalyptus fibrosa,2015-11-22,,-33.12436,150.01617,"-33°07'27.6960""","150°00'58.2120""",WGS84,NSW,"Gardens of Stone Natl Park, Glen Davis Rd.",732,Granite,sandy rock,NE,J.Janes,Common,Present,,Present,J366,E. sideroxylon,Acacia,Dianella,E. stellulata,,,,
J367,A-I,10,052,Eucalyptus sideroxylon,2015-12-15,,-30.52850,151.15897,"-30°31'42.6000""","151°09'32.2920""",WGS84,NSW,"Uralla-Kingstown Rd, Kingstown",791,Granite,sand-gravel,W,J.Janes,Common,,Present,Present,J367,Themeda sp,Eucalyptus moluccana,Davesia sp,Dianella sp,Callitris columellaris,,,
J367G,,,,Eucalyptus sideroxylon,2015-12-15,,-30.52850,151.15897,"-30°31'42.6000""","151°09'32.2920""",WGS84,NSW,"Uralla-Kingstown Rd, Kingstown",791,Granite,sand-gravel,W,J.Janes,Common,,Present,Present,J367G,Themeda sp,Eucalyptus moluccana,Davesia sp,Dianella sp,Callitris columellaris,,,
J367I,,,053,Hybrid? Sider x moluc,2015-12-15,,-30.52474,151.15401,"-30°31'29.0640""","151°09'14.4360""",WGS84,NSW,"Uralla-Kingstown Rd, Kingstown",787,Granite,sand-gravel,W,J.Janes,Rare,,Present,Present,J367I,Themeda sp,Eucalyptus moluccana,Davesia sp,Dianella sp,Callitris columellaris,,,
J368,A,2,054,Eucalyptus caleyi,2015-12-15,,-30.57301,151.09172,"-30°34'22.8360""","151°05'30.1920""",WGS84,NSW,"Kingstwon-Retreat Rd, Kingstown",827,Granite,sand-clay,W,J.Janes,Common (most on private land),,,Present,J368,Roadside,,,,,,,
J369,A-D,5,055,Eucalyptus caleyi,2015-12-15,,-30.07144,151.09796,"-30°04'17.1840""","151°05'52.6560""",WGS84,NSW,"Thunderbolts Way, Bundarra",815,Granite,sand-clay,W,J.Janes,Common,,,Present,J369,Roadside,,,,,,,
J369A,,,,Eucalyptus caleyi,2015-12-15,,-30.07144,151.09796,"-30°04'17.1840""","151°05'52.6560""",WGS84,NSW,"Thunderbolts Way, Bundarra",815,Granite,sand-clay,W,J.Janes,Common,,,Present,J369A,Roadside,,,,,,,
J370,A-D,5,056,Eucalyptus fibrosa,2016-01-20,,-32.62925,151.87758,"-32°37'45.3000""","151°52'39.2880""",WGS84,NSW,"Bucketts Way, Stroud Road",24,Granite,clay-loam,SW,J.Janes,Common,,,Present,J370,Roadside,,,,,,,
J371,A-D,5,057,Eucalyptus fibrosa,2016-01-20,,-32.23292,151.93147,"-32°13'58.5120""","151°55'53.2920""",WGS84,NSW,"Bucketts Way, Wards River",80,Granite,sand-loam,NW,J.Janes,Common,,,Present,J371,Roadside,,,,,,,
NAL05,,1,,Eucalyptus microcarpa,2013-10-16,Voucher with Rebecca Jordan,-32.37420,147.4871,"-32°22'27.1200""","147°29'13.5600""",,NSW,"Melrose-Trangie Rd, Albert Murrumbidgee NP",,,,,R.Jordan,,,,,J372,,,,,,,,
NBJ30,,1,,Eucalyptus microcarpa,2013-11-18,Voucher with Rebecca Jordan,-35.05268,147.0439,"-35°03'09.6480""","147°02'38.0400""",,NSW,Berry Jerry State Forest,,,,,R.Jordan,,,,,J373,,,,,,,,
NCD30,,1,,Eucalyptus microcarpa,2013-11-17,Voucher with Rebecca Jordan,-32.89835,147.05836,"-32°53'54.0600""","147°03'30.0960""",,NSW,Condobolin,,,,,R.Jordan,,,,,,,,,,,,,
NCR13,,1,,Eucalyptus microcarpa,2013-11-15,Voucher with Rebecca Jordan,-34.08362,148.51941,"-34°05'01.0320""","148°31'09.8760""",,NSW,Crowther,,,,,R.Jordan,,,,,J374,,,,,,,,
NCR37,,1,,Eucalyptus microcarpa,2013-11-15,Voucher with Rebecca Jordan,-34.08949,148.51412,"-34°05'22.1640""","148°30'50.8320""",,NSW,Crowther,,,,,R.Jordan,,,,,,,,,,,,,
NDU10,,1,,Eucalyptus microcarpa,2013-10-15,Voucher with Rebecca Jordan,-32.32624,148.51287,"-32°19'34.4640""","148°30'46.3320""",,NSW,Dubbo,,,,,R.Jordan,,,,,,,,,,,,,
FDK01,MEL2375684A,1,,Eucalyptus microcarpa,2013-10-31,Voucher with Rebecca Jordan,-36.32987,145.70606,"-36°19'47.5320""","145°42'21.8160""",,VIC,Dookie (private property),,,,,W.A.Gebert,,,,,,,,,,,,,
FDK10,MEL2375685A,1,,Eucalyptus microcarpa,2013-10-31,Voucher with Rebecca Jordan,-36.33119,145.70688,"-36°19'52.2840""","145°42'24.7680""",,VIC,Dookie (private property),,,,,W.A.Gebert,,,,,,,,,,,,,
FDK20,MEL2375686A,1,,Eucalyptus microcarpa,2013-10-31,Voucher with Rebecca Jordan,-36.33002,145.70534,"-36°19'48.0720""","145°42'19.2240""",,VIC,Dookie (private property),,,,,W.A.Gebert,,,,,,,,,,,,,
FHH02,,1,,Eucalyptus microcarpa,2013-12-04,Voucher with Rebecca Jordan,-36.80271,144.00268,"-36°48'09.7560""","144°00'09.6480""",,VIC,Marong (private property),,,,,R.Jordan,,,,,,,,,,,,,
VMA01,MEL2375659A,1,,Eucalyptus microcarpa,2013-10-28,Voucher with Rebecca Jordan,-36.77474,141.81787,"-36°46'29.0640""","141°49'04.3320""",,VIC,Mt Arapiles State Park,,,,,W.A.Gebert,,,,,,,,,,,,,
VMA18,MEL2375667A,1,,Eucalyptus microcarpa,2013-10-28,Voucher with Rebecca Jordan,-36.77474,141.82599,"-36°46'29.0640""","141°49'33.5640""",,VIC,Mt Arapiles State Park,,,,,W.A.Gebert,,,,,,,,,,,,,
VMA30,MEL2375669A,1,,Eucalyptus microcarpa,2013-10-28,Voucher with Rebecca Jordan,-36.77254,141.82553,"-36°46'21.1440""","141°49'31.9080""",,VIC,Mt Arapiles State Park,,,,,W.A.Gebert,,,,,,,,,,,,,
VWG14,,1,,Eucalyptus microcarpa,2013-12-03,Voucher with Rebecca Jordan,-37.67129,144.36256,"-37°40'16.6440""","144°21'45.2160""",,VIC,Werribee Gorge State Park,,,,,R.Jordan,,,,,,,,,,,,,
RA1006,,1,,Eucalyptus albens,,Voucher with Rose Andrew,,,,,,,Bundarra Rd,,,,,,,,,,,,,,,,,,
RA1007,,1,,Eucalyptus albens,,Voucher with Rose Andrew,,,,,,,Bundarra Rd,,,,,,,,,,,,,,,,,,
J372,A-D,5,058,Eucalyptus polyanthemos,2016-01-24,,-37.60536,146.64015,"-37°36'19.2960""","146°38'24.5400""",,VIC,"Licola, Tamboritha Rd",234,Granite,sand-loam,NW,J.Janes,Common,Present,,Present,J372,Bayeria viscosa,Lepidosperma sp,Austrodanthonia sp,Mistletoe,,,,
J373,A-D,5,059,Eucalyptus melliodora,2016-01-24,,-37.46662,147.83218,"-37°27'59.8320""","147°49'55.8480""",,VIC,Doctors Flat,176,Sandstone,sand-gravel,E,J.Janes,Common,,,Present,J373,Acacia sp,stringybark,Mistletoe,Exocarpus sp,Plantago sp,,,
J374,A-I,10,060,Eucalyptus albens,2016-01-24,,-37.36159,147.85228,"-37°21'41.7240""","147°51'08.2080""",,VIC,Ensay,286,Granite,sand,NW,J.Janes,Common,Present,,Present,J374,Themeda sp,Austrostipa sp,Austrodanthonia caespitosa,,,,,
J375,A-D,5,061,Eucalyptus melliodora,2016-01-25,,-37.40165,148.21443,"-37°24'05.9400""","148°12'51.9480""",,VIC,Buchan,246,Granite,sand-loam,NW,J.Janes,Common,,,Present,J375,Themeda sp,Acacia melanoxylon,Eucalyptus albens,Mistletoe,,,,
J376,A-I,10,062,Eucalyptus albens,2016-01-25,,-37.07782,148.34419,"-37°04'40.1520""","148°20'39.0840""",,VIC,McKillop Bridge,689,Granite,rock-loam,SE,J.Janes,Common,Present,,Present,J376,Poa sp,Cyathodes sp,Acacia sp,Exocarpus sp,,,,
J377,A-I,10,063,Eucalyptus albens,2016-01-25,,-36.96985,148.30525,"-36°58'11.4600""","148°18'18.9000""",,VIC,Suggan Buggan,589,Granite,rock-loam,W,J.Janes,Common,,,Present,J377,Poa sp,Cyathodes sp,Acacia sp,Exocarpus sp,,,,
J378,A-D,5,064,Eucalyptus melliodora,2016-01-25,,-36.88718,148.42012,"-36°53'13.8480""","148°25'12.4320""",,VIC/NSW,Kosciousko NP,256,Granite,sand-loam,E,J.Janes,Common,Present,,Present,J378,Lomandra longifolia,Callitris sp,Acacia dealbata,Eucalyptus albens,,,,
J379,A-D,5,065,Eucalyptus polyanthemos (?),2016-01-26,,-36.94525,149.4919,"-36°56'42.9000""","149°29'30.8400""",,NSW,Bombala,287,Granite,sand,SE,J.Janes,Common,,,Present,J379,Casuarina sp,Acacia dealbata,Mistletoe,Leptospermum sp,,,,
J380,A-D,5,066,Eucalyptus polyanthemos,2016-01-26,,-37.11934,149.65784,"-37°07'09.6240""","149°39'28.2240""",,NSW,Pericoe,263,Granite,sand-rock,S ,J.Janes,Common,Present,,Present,J380,Brachychrysum sp,Pinus radiata,Austrodanthonia sp,Acacia dealbata,,,,
J381,A-D,5,067,Eucalyptus polyanthemos,2016-01-27,,-37.36190,149.66098,"-37°21'42.8400""","149°39'39.5280""",,VIC,Bruthen,99,,gravel-sand,E,J.Janes,Common,Present,,,J381,Roadside,Exocarpus sp,,,,,,
J382,A-I,10,068,Eucalyptus albens,2016-01-27,,-37.21575,147.71677,"-37°12'56.7000""","147°43'00.3720""",,VIC,Swifts Creek,327,,gravel-sand,SE,J.Janes,Common,Present,,Present,J382,Phalaris sp,Themeda triandra,Acacia dealbata,Rubus fruiticosus,,,,
J383,A-D,5,069,Eucalyptus polyanthemos (?),2016-01-27,,-36.31995,146.84286,"-36°19'11.8200""","146°50'34.2960""",,VIC,Yambuck,366,,gravel ,,J.Janes,Common,Present,,Present,J383,Roadside,,,,,,,
J384,A-D,5,070,Eucalyptus polyanthemos,2016-01-29,,-36.16765,146.64908,"-36°10'03.5400""","146°38'56.6880""",,VIC,Chiltern,287,Granite,sand-clay,NW,J.Janes,Common,Present,,Present,J384,Eucalyptus albens,Eucalyptus sideroxylon,Dianella sp,Briza minor,Acacia melanoxylon,Brachychrysum sp,Exocarpus crupressoides,
J385,A-I,10,071,Eucalyptus sideroxylon,2016-01-29,,-36.17434,146.66263,"-36°10'27.6240""","146°39'45.4680""",,VIC,Chiltern,239,Granite,sand-clay,NW,J.Janes,Common,Present,,Present,J385,Eucalyptus albens,Eucalyptus polyanthemos,Dianella sp,Briza minor,Acacia melanoxylon,Brachychrysum sp,Exocarpus crupressoides,
J386,A-I,10,072,Eucalyptus albens,2016-01-29,,-36.14425,146.65103,"-36°08'39.3000""","146°39'03.7080""",,VIC,Chiltern,245,Granite,clay-loam,NW,J.Janes,Rare,Present,,Present,J386,Eucalyptus sideroxylon,Eucalyptus polyanthemos,Dianella sp,Briza minor,Acacia melanoxylon,Brachychrysum sp,Exocarpus crupressoides,
J387,A-I,10,073,Eucalyptus sideroxylon,2016-01-29,,-32.24456,146.18248,"-32°14'40.4160""","146°10'56.9280""",,VIC,Warrangatta,233,Granite,gravel-sand,,J.Janes,Common,Present,,Present,J387,Eucalyptus albens,Eucalyptus microcarpa,Themeda triandra,Austrodanthonia sp,Austrostipa sp,Exocarpus crupressoides,,
J388,A-I,10,074,Eucalyptus albens,2016-01-29,,-36.26528,146.15425,"-36°15'55.0080""","146°09'15.3000""",,VIC,Warrangatta,268,Granite,gravel-sand,,J.Janes,Common,,,Present,J388,Eucalyptus albens,Eucalyptus microcarpa,Themeda triandra,Austrodanthonia sp,Austrostipa sp,Exocarpus crupressoides,,
J389,A-D,5,075,Eucalyptus polyanthemos,2016-01-29,,-36.60631,145.92644,"-36°36'22.7160""","145°55'35.1840""",,VIC,Reef Road State Park,205,Sandstone,clay-loam,S,J.Janes,Common,Present,,Present,J389,Acacia melanoxylon,Eucalyptus albens,Fabaceae,,,,,
J390,A-I,10,076,Eucalyptus albens,2016-01-29,,-36.58770,145.96066,"-36°35'15.7200""","145°57'38.3760""",,VIC,Reef Road State Park,187,Sandstone,clay-loam,,J.Janes,Rare,Present,,Present,J390,Eucalyptus microcarpa,Eucalyptus polyanthemos,Eucalyptus tricarpa,,,,,
J391,A-D,5,077,Eucalyptus melliodora (?),30/1/016,,-37.21685,145.73489,"-37°13'00.6600""","145°44'05.6040""",,VIC,Alexandra,215,Granite,rock-loam,E,J.Janes,Common,,,Present,J391,Hypochaeris sp,Phalaris sp,,,,,,
J392,,1,078,Eucalyptus tricarpa,2016-01-30,,-37.00641,145.00121,"-37°00'23.0760""","145°00'04.3560""",,VIC,Puckapanyl,214,,,,J.Janes,Common,,,Present,J392,Eucalyptus tricarpa,,,,,,,
J393,A-I,10,079,Eucalyptus albens,2016-01-30,,-36.93458,144.74492,"-36°56'04.4880""","144°44'41.7120""",,VIC,Heathcote,258,Granite,sand-clay,E,J.Janes,Common,Present,,Present,J393,Roadside,,,,,,,
J394,A-I,10,080,Eucalyptus albens (?),2016-01-30,,-36.84715,144.52614,"-36°50'49.7400""","144°31'34.1040""",,VIC,Lake Eppalock,205,Granite,gravel-clay,W,J.Janes,Rare,Present,,Present,J394,Vulpia bromoides,Sonchus sp,,,,,,
J395,,1,081,Hybrid albens x microcarpa,2016-01-31,,-36.76884,144.07336,"-36°46'07.8240""","144°04'24.0960""",,VIC,"Powers Rd, Woodstock on Loddon",204,Granite,,,J.Janes,Common,Present,,Present,J395,Roadside,,,,,,,
J396,,1,082,Eucalyptus odorata (?),2016-01-31,,-36.81995,143.2767,"-36°49'11.8200""","143°16'36.1200""",,VIC,"Teddington Rd, Stuart Mill",293,,,,J.Janes,Rare,,,Present,J396,Roadside,,,,,,,
J397,A-D,5,083,Eucalyptus leucoxylon,2016-02-01,,-37.28408,141.18732,"-37°17'02.6880""","141°11'14.3520""",,VIC,Dergholm State Park,118,Sandstone,sand,,J.Janes,Common,Present,,Present,J397,Pteridium esculentum,Acacia sp,,,,,,
J398,A-D,5,084,Eucalyptus leucoxylon,2016-02-02,,-37.22194,142.04807,"-37°13'18.9840""","142°02'53.0520""",,VIC,"Cherrypool, Rockland Reservoir",225,Sandstone,sand-loam,NE,J.Janes,Common,Present,,Present,J398,Acacia sp,Austrodanthonia sp,,,,,,
J399,A-D,5,085,Eucalyptus leucoxylon,2016-01-03,,-37.16320,144.08661,"-37°09'47.5200""","144°05'11.7960""",,VIC,Castlemaine,259,Sandstone,sand-clay,N,J.Janes,Common,Present,,Present,J399,Acacia sp,Austrodanthonia sp,Briza minor,Mistletoe,,,,
TLC720,,,,Eucalyptus conica,,Voucher with Tim Collins,-29.06569,151.98833,"-29°03'56.4840""","151°59'17.9880""",,NSW,Tenterfield ,,,,,T.Collins,,,,,,,,,,,,,
TLC726,,,,Eucalyptus conica,,Voucher with Tim Collins,-30.28358,151.19619,"-30°17'00.8880""","151°11'46.2840""",,NSW,Abington,,,,,T.Collins,,,,,,,,,,,,,
TLC775,,,,Eucalyptus conica,,Voucher with Tim Collins,-28.39502,151.31197,"-28°23'42.0720""","151°18'43.0920""",,QLD,Inglewood ,,,,,T.Collins,,,,,,,,,,,,,
TLC725,,,,Eucalyptus conica,,Voucher with Tim Collins,-29.60563,151.86797,"-29°36'20.2680""","151°52'04.6920""",,NSW,Dundee,,,,,T.Collins,,,,,,,,,,,,,
TLC715,,,,Eucalyptus conica,,Voucher with Tim Collins,-28.68758,151.96238,"-28°41'15.2880""","151°57'44.5680""",,QLD,Storm King,,,,,T.Collins,,,,,,,,,,,,,
J400,A-D,5,086,Eucalyptus moluccana,2016-04-05,,-30.44375,151.25961,"-30°26'37.5000""","151°15'34.5960""",,NSW,"Torreyburn Rd, Yarrowyck",799,granite,rocky-loam,,J.Janes,Common,Present,,Present,J400,Angophora,Brachychrysum,,,,,,
J401,A-I,10,087,Eucalyptus sideroxylon,2016-04-05,,-30.44023,151.25069,"-30°26'24.8280""","151°15'02.4840""",,NSW,"Torreyburn Rd, Yarrowyck",747,granite,rocky-loam,,J.Janes,Common,Present,,,J401,Eucalyptus moluccana,Dodonea,Bursaria spinosa,Lepidosperma,,,,
J401F,,,088,Eucalyptus sideroxylon,2016-04-05,,-30.44089,151.25194,"-30°26'27.2040""","151°15'06.9840""",,NSW,"Torreyburn Rd, Yarrowyck",747,granite,rocky-loam,,J.Janes,Common,,,Present,J401F,Eucalyptus moluccana,Dodonea,Bursaria spinosa,Lepidosperma,,,,
J402,A-D,5,089,Eucalyptus caleyi,2016-04-05,,-30.04322,150.94122,"-30°02'35.5920""","150°56'28.3920""",,NSW,"Bundarra Rd, Copeton",739,granite,sand-loam,,J.Janes,Rare,Present,Present,Present,J402,Callitris columellaris,Themeda,Angophora,,,,,
J403,A-D,5,090,Eucalyptus caleyi,2016-04-05,,-29.92441,150.93559,"-29°55'27.8760""","150°56'08.1240""",,NSW,Copeton Dam Rd,626,granite,sand,,J.Janes,Rare,Present,,Present,J403,Callitris columellaris,Callitris monticola,Dianella,Austrostipa,,,,
J404,A-D,5,091,Eucalyptus caleyi,2016-04-05,,-29.98952,150.85857,"-29°59'22.2720""","150°51'30.8520""",,NSW,Copeton Dam Rd,619,granite,sand,,J.Janes,Rare,Present,,Present,J404,Callitris columellaris,Callitris monticola,Dianella,Austrostipa,,,,
J405,A-I,10,092,Eucalyptus sideroxylon,2016-04-05,,-30.22862,151.23865,"-30°13'43.0320""","151°14'19.1400""",,NSW,Baldersleigh Rd,741,granite,gravel-sand,,J.Janes,Common,Present,,Present,J405,Eucalyptus melliodora,,,,,,,
J406,A-I,10,093,Eucalyptus albens,2016-04-05,,-30.23707,151.25200,"-30°14'13.4520""","151°15'07.2000""",,NSW,"Baldersleigh Rd, The Basin",775,granite,gravel-sand,,J.Janes,Common,Present,,Present,J406,,,,,,,,
J407,A-C,4,094,Eucalyptus fibrosa,2016-04-06,,-30.05045,152.63814,"-30°03'01.6200""","152°38'17.3040""",,NSW,Nymboidea,643,granite,gravel-loam,W,J.Janes,Common,,,Present,J407,Ghania grandis,Exocarpus,Callitris,Bayeria,Lomandra,Acacia,,
J408,,1,095,Eucalptus crebra,2016-04-06,,-29.92432,152.75188,"-29°55'27.5520""","152°45'06.7680""",,NSW,Nymboidea,119,granite,sand-loam,NE,J.Janes,Rare,,,,J408,,,,,,,,
J409,,1,096,Eucalyptus fibrosa,2016-04-06,,-29.92485,152.75122,"-29°55'29.4600""","152°45'04.3920""",,NSW,Nymboidea,115,granite,sand-loam,NE,J.Janes,Rare,,,Present,J409,,,,,,,,
J410,A-D,5,097,Eucalyptus crebra,2016-04-07,,-29.69687,152.10593,"-29°41'48.7320""","152°06'21.3480""",,NSW,"Old Grafton Rd, Gibraltar",483,sandstone,sand-gravel,E,J.Janes,Common,,,Present,J410,Casuarina,Eucalyptus fibrosa,,,,,,
J411,,1,098,Eucalyptus fibrosa,2016-04-07,,-29.69674,152.10576,"-29°41'48.2640""","152°06'20.7360""",,NSW,"Old Grafton Rd, Gibraltar",465,sandstone,sand-gravel,E,J.Janes,Rare,,,,J411,Casuarina,Eucalyptus crebra,,,,,,
J412,A-D,5,101,Eucalyptus moluccana,2016-06-16,,-30.96459,150.84267,"-30°57'52.524""","150°50'33.612""",,NSW,"Appleby Rd, Moonbi",261,basalt,clay-sand,SE,J.Janes,Common,Present,Present,Present,J412,Notolea sp,Austrostipa sp,Hyparrhenia hirta,,,,,
J413,A-I,10,102,Eucalyptus albens,2016-06-16,H may be moluccana,-30.70737,150.09621,"-30°42'26.532""","150°5'46.356""",,NSW,Boggabri - private land,261,basalt,clay-sand,E,J.Janes,common,Present,Present,Present,J413,Eucalyptus populnea,Bursaria sp,,,,,,
J414,A-D,5,103,Eucalyptus albens,2016-06-16,D may be microcarpa,-30.49283,149.94203,"-30°29'34.188""","149°56'31.308""",,NSW,Narrabri,235,basalt,clay-sand,E,J.Janes,Common,,,Present,J414,Eucalyptus populnea,Bursaria sp,,,,,,
J415,A-D,5,104,Eucalyptus crebra,2016-06-17,,-30.24000,149.88559,"-30°14'24.000""","149°53'8.124""",,NSW,"Killarney Forest, Narrabri",278,basalt,clay-sand,,J.Janes,Common,,,,J415,Eucalyptus chloroclada,Casuarina,Acacia sp,Callitris sp,,,,
J416,A-I,10,105,Eucalyptus sideroxylon,2016-06-17,,-30.32322,149.26971,"-30°19'23.592""","149°16'10.956""",,NSW,Weewaa,183,granite/gilgai,sand,SW,J.Janes,Common,Present,Present,Present,J416,Eucalyptus pilligaensis,Eucalyptus populnea,Acacia harpophylla,,,,,
J417,A,2,099,Eucalyptus crebra,2016-06-17,,-30.32377,149.26567,"-30°19'25.572"" ","149°15'56.412""",,NSW,Weewaa,181,granite/gilgai,sand,,J.Janes,Common,Present,Present,Present,J417,Eucalyptus pilligaensis,Eucalyptus populnea,Acacia harpophylla,,,,,
J418,A-I,10,106,Eucalyptus sideroxylon,2016-06-17,,-31.05012,149.23013,"-31°3'0.432""","149°13'48.468""",,NSW,The Pilliga,387,basalt,sand-clay,NE,J.Janes,Common,,,Present,J418,Smooth gum,Exocarpus,Casuarina sp,Dianella sp,,,,
J419,A-I,10,100,Eucalyptus albens,2016-06-23,,-31.35926,148.93951,"-31°21'33.336""","148°56'22.236""",,NSW,Warrumbungle,502,basalt,clay-loam,NE,J.Janes,Common,,,Present,J419,Eucalyptus crebra,Angophora floribunda,Casuarina sp,Callitris sp,Callitris endlicheri,Eucalyptus moluccana,,
J420,A-D,5,,Eucalyptus moluccana,2016-06-23,,-31.35926,148.93951,"-31°21'33.336""","148°56'22.236""",,NSW,Warrumbungle,502,basalt,clay-loam,NE,J.Janes,Common,,,Present,J420,Eucalyptus crebra,Angophora floribunda,Casuarina sp,Callitris sp,Callitris endlicheri,Eucalyptus albens,,
J421,A-I,10,107,Eucalyptus sideroxylon,2016-06-23,,-32.36597,148.23103,"-32°21'57.492""","148°13'51.708""",,NSW,Narromine,270,basalt,sand-rock,E,J.Janes,Rare,,,Present,J421,Eucalyptus moluccana,Themeda triandra,Cynodon dactylon,,,,,
J422,A-I,10,108,Eucalyptus sideroxylon,2016-06-24,,-32.22311,148.66797,"-32°13'23.196""","148°40'4.692""",,NSW,Dubbo,344,basalt,sand-rock,SW,J.Janes,Common,,,Present,J422,Callitris sp,Callitris endlicheri,Casuarina sp,Eustrephus latifolius,Acacia sp,,,
J423,A-I,10,109,Eucalyptus moluccana,2016-06-24,,-31.82373,149.68475,"-31°49'25.428""","149°41'5.100""",,NSW,Coolah,653,granite,rocky-clay,SE,J.Janes,Common,Present,,Present,J423,Eucalyptus melliodora,,,,,,,
J424,A-I,10,110,Eucalyptus albens,2016-06-24,"G may be moluccana, C may be microcarpa",-31.71111,150.6998,"-31°42'39.996""","150°41'59.280""",,NSW,Ardglen,434,granite,sand-gravel,SW,J.Janes,Common,Present,,Present,J424,Grasses,,,,,,,
J425,A-I,10,111,Eucalyptus sideroxylon,2016-07-09,very big fruit,-30.30756,151.20671,"-30°18'27.216""","151°12'24.156""",,NSW,Bundarra,663,granite,sand-clay,W,J.Janes,Common,,,Present,J425,Stringy bark,Eucalyptus albens,Eustrapheus latifolius,Helichrysum sp,,,,
J426,A-I,10,112,Eucalyptus albens,2016-07-09,Had small fruit but urn shaped and disc depressed - Reps D/H/E/G/F/I may be microcarpa,-30.30846,151.20667,"-30°18'30.456""","151°12'24.012""",,NSW,Bundarra,697,granite,sand-clay,W,J.Janes,Common,,,Present,J426,Stringy bark,Eucalyptus albens,Eustrapheus latifolius,Helichrysum sp,,,,
J427,A-D,5,113,Eucalyptus caleyi,2016-07-09,,-30.36709,151.25757,"-30°22'1.524""","151°15'27.252""",,NSW,Bundarra,759,granite,rock-sand,SE,J.Janes,Common,,,Present,J427,Eucalyptus moluccana,Acacia cultriformis,Epacris sp,Eustraphus latifolius,Themeda triandra,Austrostipa sp,,
J428,A-I,10,114,Eucalyptus albens,2016-07-09,some look more moluccana,-29.67310,151.15315,"-29°40'23.160""","151°9'11.340""",,NSW,Inverell,631,granite,clay-loam,NE,J.Janes,Common,,,Present,J428,Amyema miquelii,Angophora floribunda,Dianella sp,Austrostipa,Acacia sp,,,
J429,A-I,10,115,Eucalyptus albens,2016-07-09,,-28.77243,151.21523,"-28°46'20.748""","151°12'54.828""",,QLD,Texas ,356,granite,sand-clay,SE,J.Janes,Common,,,,J429,Amyema miquelii,Acacia sp,Austrostipa sp,,,,,
J430,A-I,10,116,Eucalyptus sideroxylon,2016-07-10,D has pink flowers,-28.56925,151.07571,"-28°34'9.300""","151°4'32.556""",,QLD,Inglewood,303,basalt,sand-gravel,SE,J.Janes,Common,Present,Present,Present,J430,Leptospermum,Acacia sp,Callitris sp,Causarina sp,,,,
J431,A-D,5,117,Eucalyptus crebra,2016-07-10,,-28.56955,151.07539,"-28°34'10.380""","151°4'31.404""",,QLD,Inglewood,304,basalt,sand-gravel,SE,J.Janes,Common,Present,Present,Present,J431,Leptospermum,Acacia sp,Callitris sp,Causarina sp,,,,
J432,A,2,118,Eucalyptus fibrosa,2016-07-10,,-28.18033,151.66934,"-28°10'49.188""","151°40'9.624""",,QLD,Glendon,539,basalt,clay-sand,SE,J.Janes,Common,Present,,Present,J432,Eucalyptus crebra,Eucalytpus microcarpa,Acacia,Austrodanthonia sp,Diplorrheana,,,
J433,A-I,10,119,Eucalyptus sideroxylon,2016-07-10,,-28.17577,151.6577,"-28°10'32.772""","151°39'27.720""",,QLD,Glendon,520,basalt,rock-loam,,J.Janes,Rare,Present,,Present,J433,Eucalyptus microcarpa,Acacia sp,Ameyema miquelii,Geranium sp,Austrodanthonia sp,,,
J434,A-B,3,120,Eucalyptus sideroxylon,2016-07-10,very big fruit,-27.75470,152.1189,"-27°45'16.920""","152°7'8.040""",,QLD,Allora,499,granite,rock-loam,SE,J.Janes,Rare,,,Present,J434,Eucalyptus microcarpa,Eucalyptus crebra,Acacia sp,Opuntia,Austrodanthonia sp,,,
J435,A-I,10,121,Eucalyptus sideroxylon,2016-07-10,,-26.36944,151.88103,"-26°22'9.984""","151°52'51.708""",,QLD,Wondai,382,Granite/Basalt,rock-clay,SE,J.Janes,Common,Present,,Present,J435,Angophora floribunda,Corymbia sp,Acacia sp,Dodonea sp,Opuntia,Austrostipa sp,Austrodanthonia sp,
J436,A-I,10,122,Eucalyptus albens (?),2016-07-11,may be moluccana,-27.18896,151.73259,"-27°11'20.256""","151°43'57.324""",,QLD,Kulpi,517,granite,clay-loam,NE,J.Janes,Common,Present,Present,Present,J436,Acacia harpophylla,Opuntia,Themeda triandra,,,,,
NE10467,,1,,Eucalyptus porosa,1960-11-10,Already in herbarium,,,-30°20',135°39',,SA,Lake  Eyre,,,,,DE.Symon,,,,,J437,,,,,,,,
NE25953,,1,,Eucalyptus porosa,1972-11-02,Already in herbarium,,,-32°45',134°36',,SA,Eyre Peninsula,,,,,NCW.Beadle,,,,,J438,,,,,,,,
NE35959,,1,,Eucalyptus porosa,1972-11-04,Already in herbarium,,,-35°7',139°4',,SA,Murray,,,,,NCW.Beadle,,,,,,,,,,,,,
NE35955,,1,,Eucalyptus porosa,1972-11-04,Already in herbarium,,,-35°42',139°51',,SA,Coonalpyn,,,,,NCW.Beadle,,,,,,,,,,,,,
NE37169,,1,,Eucalyptus odorata ,1960-06-11,Already in herbarium,,,-32°47',138°4',,SA,Alligator Creek,,,,,DE.Symon,,,,,,,,,,,,,
NE67754,,1,,Eucalyptus odorata ,1994-08-27,Already in herbarium,,,-34°40',138°48',,SA,Sandland Road,,,,,RJ.Bates,,,,,,,,,,,,,
NE36811,,1,,Eucalyptus odorata ,1964-01-14,Already in herbarium,,,-35°32',138°34',,SA,Hall Creek Road,,,,,TRN.Lothian,,,,,,,,,,,,,
NE4583,,1,,Eucalpyptus woollsiana,1958-10-01,Already in herbarium,,,-31°40',148°30',,NSW,Gilgandra,,,,,RT.Baker,,,,,,,,,,,,,
NE25923,,1,,Eucalpyptus woollsiana,1972-09-05,Already in herbarium,,,-26°32',148°8',,QLD,Maranoa,,,,,NCW.Beadle,,,,,,,,,,,,,
NE37647,,1,,Eucalpyptus woollsiana,1978-09-11,Already in herbarium,,,-30°24',149°11',,NSW,Narrabri,,,,,JB.Williams,,,,,,,,,,,,,
NE90535,,1,,Eucalpyptus woollsiana,2006-10-25,Already in herbarium,,,"-28°14'51""","151°10'34""",,QLD,Inglewood,,,,,PI.Forster,,,,,,,,,,,,,
J351 area - Recollect,,1,036,Eucalyptus polyanthemos (juv micro?),2016-12-01,Recollected but originals already in herbarium,-35.25609,147.68506,"-35°15'21.9240""","147°41'06.2160""",WGS84,NSW,"Tarcutta, Mates Gully Rd.",287,Granite/Basalt,sand,S,"J.Janes, T.Collins",Common,Present,Present,Present,J351,E. sideroxylon,E. albens,Helichrysum brateatum,Acacia sp.,,,,
J350 - Recollect,,1,035,Eucalyptus albens,2016-12-01,Recollected but originals already in herbarium,-35.24560,147.68083,"-35°14'44.1600""","147°40'50.9880""",WGS84,NSW,"Tarcutta, Mates Gully Rd.",276,Basalt,sand,S,"J.Janes, T.Collins",Common,,,Present,J350,Roadside,,,,,,,
J348 - Recollect,A-D,5,033,Eucalyptus polyanthemos,2016-12-01,Recollected but originals already in herbarium,-35.24184,148.29729,"-35°14'30.6240""","148°17'50.2440""",WGS84,NSW,"Wee Jasper, Wee Jasper Rd.",448,,,NE,"J.Janes, T.Collins",Common,,,Present,J348,E. albens,Angophora,Briza maxima,Plantago,,,,
J342 - Recollect,A-D,5,027,Eucalyptus sideroxylon,2016-11-28,Recollected but originals already in herbarium,-29.39087,151.39279,"-29°23'27.1320""","151°23'34.0440""",WGS84,NSW,"Yellow Dam, Emmaville Rd",734,Granite,sand,S,"J.Janes, T.Collins",Common,Present,Present,Present,J342,Callitris columellaris,Acacia sp,,,,,,
J364 - Recollect,,1,049,Eucalyptus conica,2016-11-30,Recollected but originals already in herbarium,-33.41328,148.22136,"-33°24'47.8080""","148°13'16.8960""",WGS84,NSW,"Eugowra, Escort Way",260,,,,"J.Janes, T.Collins",Common,,,Present,J364,Acacia,callitris,Fringe lilly,E. microcarpa,,,,
J339 - Recollect,A-E,6,024,Eucalyptus moluccana,2016-11-28,Recollected but originals already in herbarium,-29.45636,151.55505,"-29°27'22.8960""","151°33'18.1800""",WGS84,NSW,"Emmaville, Strathbogie Rd",873,Granite,clay-loam,S,"J.Janes, T.Collins",Common,,,Present,J339,Roadside,Eucalyptus melliodora,Acacia leptocarpa,,,,,
J355 - Recollect,A-D,5,040,Eucalyptus sideroxylon,2016-12-02,Recollected but originals already in herbarium,-36.09264,146.61917,"-36°05'33.5040""","146°37'09.0120""",WGS84,VIC,"Chiltern, Chiltern-Howlong Rd.",196,,gravel-sand,S,"J.Janes, T.Collins",Common,,,Present,J355,Bayeria viscosa,Helichrysum viscosum,Acacia sp.,,,,,
J345 - Recollect,A-B,3,030,Eucalyptus albens,2016-12-01,Recollected but originals already in herbarium,-35.07022,148.83685,"-35°04'12.7920""","148°50'12.6600""",WGS84,NSW,"Mullion, Mountain Creek Rd.",,Sandstone/Limestone,Rocky shale,,"J.Janes, T.Collins",Common,,,Present,J345,E. melliodora,Themeda,Briza maxima,Exocarpus,Stuphelia,Lepidosperma,Dianella,Bursania
J340 - Recollect,A-D,5,025,Eucalyptus melliodora,2016-11-28,Recollected but originals already in herbarium,-29.45577,151.55405,"-29°27'20.7720""","151°33'14.5800""",WGS84,NSW,"Emmaville, Strathbogie Rd",874,Granite,clay-loam,S,"J.Janes, T.Collins",Common,Present,Present,Present,J340,Roadside,Eucalyptus moluccana,Acacia leptocarpa,,,,,
J357 - Recollect,A-E,6,042,Eucalyptus melliodora,2016-12-02,Recollected but originals already in herbarium,-36.01900,146.29446,"-36°01'08.4000""","146°17'40.0560""",WGS84,NSW,"Collendina State Forest, Spring Dr.",140,Granite,red sand,W,"J.Janes, T.Collins",Common,Present,Present,Present,J357,E. microcarpa,grassland,red gum,Stipa platychaeta,,,,
J346 - Recollect,A-C,4,031,Eucalyptus melliodora,2016-12-01,Recollected but originals already in herbarium,-35.06954,148.83661,"-35°04'10.3440""","148°50'11.7960""",WGS84,NSW,"Mullion, Mountain Creek Rd.",498,Sandstone/Limestone,Rocky shale,NE,"J.Janes, T.Collins",Common,Present,Present,Present,J346,E. albens,,,,,,,
J300 Area - Recollect,A-E,5,,Eucalyptus sideroxylon,2016-11-28,Recollected but originals already in herbarium,-29.80812,150.91918,"-29°48'29.2320""","150°55'09.0480""",WGS84,NSW,"Gum Flat, Copeton Dam Rd",653,Sandstone,Sand,SW,"J.Janes, T.Collins",Common,,Present,Present,J300,Austrodanthonia sp,Aotus ericoides,Acacia hakeoides,Exocarpus cupressiformis,,,,
J298 - Recollect,,1,,Eucalyptus sideroxylon,2016-11-28,Recollected but originals already in herbarium,-30.15277,151.07437,"-30°09'09.9720""","151°04'27.7320""",WGS84,NSW,"Bundarra, Thunderbolts Way",672,Granite,Sand ,,"J.Janes, T.Collins",Rare,Present,Present,,J298,Grasses,,,,,,,
J437,,1,123,Eucalyptus sideroxylon x melliodora (?),2016-11-28,Apparently missing from herbarium,-30.27552,151.18698,"-30°16'31.87""","151°11'13.13""",WGS84,NSW,"Bundarra, Thunderbolts Way",711,Granite,sand,SW,"J.Janes, T.Collins",Rare,Present,,Present,J437,E. melliodora,,,,,,,
J438,,1,124,Eucalyptus sideroxylon x melliodora (?),2016-11-28,Apparently missing from herbarium,-30.27563,151.18764,"-30°16'32.27""","151°11'15.50""",WGS84,NSW,"Bundarra, Thunderbolts Way",,Granite,sand,SW,"J.Janes, T.Collins",Rare,,,Present,,E. melliodora,,,,,,,
J332 - Recollect,A-E,6,018,Eucalyptus sp (microcarpa?),2016-12-09,Recollected but originals already in herbarium,-28.29549,151.48801,"-28°17'43.7640""","151°29'16.8360""",WGS84,QLD,"Gore, Cunningham Hwy",510,granite/sandstone,sand-clay,SW,"J.Janes, T.Collins",Common,,,Present,J332,Acacia clivicola,Acacia hakeoides,Dodonea cuneata,Callitris columellaris,Eucalyptus crebra,,,
J326 - Recollect,A-E,6,013,Eucalyptus moluccana,2016-12-09,Recollected but originals already in herbarium,-28.21744,152.84309,"-28°13'02.7840""","152°50'35.1240""",WGS84,QLD,"Rathdowney, Boonah Rathdowney Rd",103,Mudstone,clay-loam,,"J.Janes, T.Collins",Common,,Present,Present,J326,Acacia verniciflua,Roadside,,,,,,
M1a,,,,Eucalyptus melliodora,,No vouchers for these samples,,,32°45’10”S,148°39’20”E,,NSW,Yeoval,,,,,,,,,,,,,,,,,,
M1b,,,,Eucalyptus melliodora,,No vouchers for these samples,,,32°45’10”S,148°39’20”E,,NSW,Yeoval,,,,,,,,,,,,,,,,,,
M1c,,,,Eucalyptus melliodora,,,,,32°45’10”S,148°39’20”E,,NSW,Yeoval,,,,,,,,,,,,,,,,,,