"Sample_ID","Sample_Name","Sample_Plate","Sample_Well","I7_Index_ID","index","I5_Index_ID","index2","Sample_Project","Description"
"WAR4048A1_01","Blank_11",1,"A1","B-0055","AACCATAA","B-0031","AACCATGC","Rose_eucalyptus_Plate_1","barcode_layout_1"
"WAR4048A1_02","J294",1,"B1","B-0055","AACCATAA","B-0032","AGAGCCTG","Rose_eucalyptus_Plate_1","barcode_layout_1"
"WAR4048A1_03","J301",1,"C1","B-0055","AACCATAA","B-0033","ATAGCCAT","Rose_eucalyptus_Plate_1","barcode_layout_1"
"WAR4048A1_04","J367i",1,"D1","B-0055","AACCATAA","B-0034","CCGTAACC","Rose_eucalyptus_Plate_1","barcode_layout_1"
"WAR4048A1_05","J355b",1,"E1","B-0055","AACCATAA","B-0035","GATCTTAA","Rose_eucalyptus_Plate_1","barcode_layout_1"
"WAR4048A1_06","J375",1,"F1","B-0055","AACCATAA","B-0036","GGTTGAGG","Rose_eucalyptus_Plate_1","barcode_layout_1"
"WAR4048A1_07","J372",1,"G1","B-0055","AACCATAA","B-0037","GTCAGGCT","Rose_eucalyptus_Plate_1","barcode_layout_1"
"WAR4048A1_08","J321g",1,"H1","B-0055","AACCATAA","B-0038","TCGCCGTA","Rose_eucalyptus_Plate_1","barcode_layout_1"
"WAR4048A1_09","J366",1,"A2","B-0056","ACCAGCAA","B-0031","AACCATGC","Rose_eucalyptus_Plate_1","barcode_layout_1"
"WAR4048A1_10","J307",1,"B2","B-0056","ACCAGCAA","B-0032","AGAGCCTG","Rose_eucalyptus_Plate_1","barcode_layout_1"
"WAR4048A1_11","J317",1,"C2","B-0056","ACCAGCAA","B-0033","ATAGCCAT","Rose_eucalyptus_Plate_1","barcode_layout_1"
"WAR4048A1_12","J322",1,"D2","B-0056","ACCAGCAA","B-0034","CCGTAACC","Rose_eucalyptus_Plate_1","barcode_layout_1"
"WAR4048A1_13","J365",1,"E2","B-0056","ACCAGCAA","B-0035","GATCTTAA","Rose_eucalyptus_Plate_1","barcode_layout_1"
"WAR4048A1_14","J335",1,"F2","B-0056","ACCAGCAA","B-0036","GGTTGAGG","Rose_eucalyptus_Plate_1","barcode_layout_1"
"WAR4048A1_15","J338",1,"G2","B-0056","ACCAGCAA","B-0037","GTCAGGCT","Rose_eucalyptus_Plate_1","barcode_layout_1"
"WAR4048A1_16","J359",1,"H2","B-0056","ACCAGCAA","B-0038","TCGCCGTA","Rose_eucalyptus_Plate_1","barcode_layout_1"
"WAR4048A1_17","J364",1,"A3","B-0057","ACGCCGTT","B-0031","AACCATGC","Rose_eucalyptus_Plate_1","barcode_layout_1"
"WAR4048A1_18","J318",1,"B3","B-0057","ACGCCGTT","B-0032","AGAGCCTG","Rose_eucalyptus_Plate_1","barcode_layout_1"
"WAR4048A1_19","J383",1,"C3","B-0057","ACGCCGTT","B-0033","ATAGCCAT","Rose_eucalyptus_Plate_1","barcode_layout_1"
"WAR4048A1_20","J385",1,"D3","B-0057","ACGCCGTT","B-0034","CCGTAACC","Rose_eucalyptus_Plate_1","barcode_layout_1"
"WAR4048A1_21","J329",1,"E3","B-0057","ACGCCGTT","B-0035","GATCTTAA","Rose_eucalyptus_Plate_1","barcode_layout_1"
"WAR4048A1_22","TLC725",1,"F3","B-0057","ACGCCGTT","B-0036","GGTTGAGG","Rose_eucalyptus_Plate_1","barcode_layout_1"
"WAR4048A1_23","NAL05",1,"G3","B-0057","ACGCCGTT","B-0037","GTCAGGCT","Rose_eucalyptus_Plate_1","barcode_layout_1"
"WAR4048A1_24","J341",1,"H3","B-0057","ACGCCGTT","B-0038","TCGCCGTA","Rose_eucalyptus_Plate_1","barcode_layout_1"
"WAR4048A1_25","J351_plus",1,"A4","B-0058","CAATATCC","B-0031","AACCATGC","Rose_eucalyptus_Plate_1","barcode_layout_1"
"WAR4048A1_26","J298",1,"B4","B-0058","CAATATCC","B-0032","AGAGCCTG","Rose_eucalyptus_Plate_1","barcode_layout_1"
"WAR4048A1_27","J311",1,"C4","B-0058","CAATATCC","B-0033","ATAGCCAT","Rose_eucalyptus_Plate_1","barcode_layout_1"
"WAR4048A1_28","J376",1,"D4","B-0058","CAATATCC","B-0034","CCGTAACC","Rose_eucalyptus_Plate_1","barcode_layout_1"
"WAR4048A1_29","J373",1,"E4","B-0058","CAATATCC","B-0035","GATCTTAA","Rose_eucalyptus_Plate_1","barcode_layout_1"
"WAR4048A1_30","J352",1,"F4","B-0058","CAATATCC","B-0036","GGTTGAGG","Rose_eucalyptus_Plate_1","barcode_layout_1"
"WAR4048A1_31","J357",1,"G4","B-0058","CAATATCC","B-0037","GTCAGGCT","Rose_eucalyptus_Plate_1","barcode_layout_1"
"WAR4048A1_32","J395",1,"H4","B-0058","CAATATCC","B-0038","TCGCCGTA","Rose_eucalyptus_Plate_1","barcode_layout_1"
"WAR4048A1_33","J363",1,"A5","B-0059","CCGCCGCA","B-0031","AACCATGC","Rose_eucalyptus_Plate_1","barcode_layout_1"
"WAR4048A1_34","J316",1,"B5","B-0059","CCGCCGCA","B-0032","AGAGCCTG","Rose_eucalyptus_Plate_1","barcode_layout_1"
"WAR4048A1_35","J387",1,"C5","B-0059","CCGCCGCA","B-0033","ATAGCCAT","Rose_eucalyptus_Plate_1","barcode_layout_1"
"WAR4048A1_36","J327",1,"D5","B-0059","CCGCCGCA","B-0034","CCGTAACC","Rose_eucalyptus_Plate_1","barcode_layout_1"
"WAR4048A1_37","NCR13",1,"E5","B-0059","CCGCCGCA","B-0035","GATCTTAA","Rose_eucalyptus_Plate_1","barcode_layout_1"
"WAR4048A1_38","J379",1,"F5","B-0059","CCGCCGCA","B-0036","GGTTGAGG","Rose_eucalyptus_Plate_1","barcode_layout_1"
"WAR4048A1_39","TLC720",1,"G5","B-0059","CCGCCGCA","B-0037","GTCAGGCT","Rose_eucalyptus_Plate_1","barcode_layout_1"
"WAR4048A1_40","J310",1,"H5","B-0059","CCGCCGCA","B-0038","TCGCCGTA","Rose_eucalyptus_Plate_1","barcode_layout_1"
"WAR4048A1_41","J362_young",1,"A6","B-0060","CGATTCGG","B-0031","AACCATGC","Rose_eucalyptus_Plate_1","barcode_layout_1"
"WAR4048A1_42","J319",1,"B6","B-0060","CGATTCGG","B-0032","AGAGCCTG","Rose_eucalyptus_Plate_1","barcode_layout_1"
"WAR4048A1_43","J363_plus",1,"C6","B-0060","CGATTCGG","B-0033","ATAGCCAT","Rose_eucalyptus_Plate_1","barcode_layout_1"
"WAR4048A1_44","J389",1,"D6","B-0060","CGATTCGG","B-0034","CCGTAACC","Rose_eucalyptus_Plate_1","barcode_layout_1"
"WAR4048A1_45","J398",1,"E6","B-0060","CGATTCGG","B-0035","GATCTTAA","Rose_eucalyptus_Plate_1","barcode_layout_1"
"WAR4048A1_46","J339",1,"F6","B-0060","CGATTCGG","B-0036","GGTTGAGG","Rose_eucalyptus_Plate_1","barcode_layout_1"
"WAR4048A1_47","J342",1,"G6","B-0060","CGATTCGG","B-0037","GTCAGGCT","Rose_eucalyptus_Plate_1","barcode_layout_1"
"WAR4048A1_48","J369",1,"H6","B-0060","CGATTCGG","B-0038","TCGCCGTA","Rose_eucalyptus_Plate_1","barcode_layout_1"
"WAR4048A1_49","J354",1,"A7","B-0061","GAAGAACG","B-0031","AACCATGC","Rose_eucalyptus_Plate_1","barcode_layout_1"
"WAR4048A1_50","J296",1,"B7","B-0061","GAAGAACG","B-0032","AGAGCCTG","Rose_eucalyptus_Plate_1","barcode_layout_1"
"WAR4048A1_51","TLC726",1,"C7","B-0061","GAAGAACG","B-0033","ATAGCCAT","Rose_eucalyptus_Plate_1","barcode_layout_1"
"WAR4048A1_52","J340",1,"D7","B-0061","GAAGAACG","B-0034","CCGTAACC","Rose_eucalyptus_Plate_1","barcode_layout_1"
"WAR4048A1_53","J330",1,"E7","B-0061","GAAGAACG","B-0035","GATCTTAA","Rose_eucalyptus_Plate_1","barcode_layout_1"
"WAR4048A1_54","J367",1,"F7","B-0061","GAAGAACG","B-0036","GGTTGAGG","Rose_eucalyptus_Plate_1","barcode_layout_1"
"WAR4048A1_55","TLC715",1,"G7","B-0061","GAAGAACG","B-0037","GTCAGGCT","Rose_eucalyptus_Plate_1","barcode_layout_1"
"WAR4048A1_56","J344",1,"H7","B-0061","GAAGAACG","B-0038","TCGCCGTA","Rose_eucalyptus_Plate_1","barcode_layout_1"
"WAR4048A1_57","J351",1,"A8","B-0062","GTCTCGTT","B-0031","AACCATGC","Rose_eucalyptus_Plate_1","barcode_layout_1"
"WAR4048A1_58","FDK10",1,"B8","B-0062","GTCTCGTT","B-0032","AGAGCCTG","Rose_eucalyptus_Plate_1","barcode_layout_1"
"WAR4048A1_59","J328",1,"C8","B-0062","GTCTCGTT","B-0033","ATAGCCAT","Rose_eucalyptus_Plate_1","barcode_layout_1"
"WAR4048A1_60","J368",1,"D8","B-0062","GTCTCGTT","B-0034","CCGTAACC","Rose_eucalyptus_Plate_1","barcode_layout_1"
"WAR4048A1_61","J366_plus",1,"E8","B-0062","GTCTCGTT","B-0035","GATCTTAA","Rose_eucalyptus_Plate_1","barcode_layout_1"
"WAR4048A1_62","J374",1,"F8","B-0062","GTCTCGTT","B-0036","GGTTGAGG","Rose_eucalyptus_Plate_1","barcode_layout_1"
"WAR4048A1_63","J350",1,"G8","B-0062","GTCTCGTT","B-0037","GTCAGGCT","Rose_eucalyptus_Plate_1","barcode_layout_1"
"WAR4048A1_64","NBJ30",1,"H8","B-0062","GTCTCGTT","B-0038","TCGCCGTA","Rose_eucalyptus_Plate_1","barcode_layout_1"
"WAR4048A1_65","J346",1,"A9","B-0063","GTTAGCGG","B-0031","AACCATGC","Rose_eucalyptus_Plate_1","barcode_layout_1"
"WAR4048A1_66","J324",1,"B9","B-0063","GTTAGCGG","B-0032","AGAGCCTG","Rose_eucalyptus_Plate_1","barcode_layout_1"
"WAR4048A1_67","VMA18",1,"C9","B-0063","GTTAGCGG","B-0033","ATAGCCAT","Rose_eucalyptus_Plate_1","barcode_layout_1"
"WAR4048A1_68","J326",1,"D9","B-0063","GTTAGCGG","B-0034","CCGTAACC","Rose_eucalyptus_Plate_1","barcode_layout_1"
"WAR4048A1_69","J353",1,"E9","B-0063","GTTAGCGG","B-0035","GATCTTAA","Rose_eucalyptus_Plate_1","barcode_layout_1"
"WAR4048A1_70","J334",1,"F9","B-0063","GTTAGCGG","B-0036","GGTTGAGG","Rose_eucalyptus_Plate_1","barcode_layout_1"
"WAR4048A1_71","RA1006",1,"G9","B-0063","GTTAGCGG","B-0037","GTCAGGCT","Rose_eucalyptus_Plate_1","barcode_layout_1"
"WAR4048A1_72","J393",1,"H9","B-0063","GTTAGCGG","B-0038","TCGCCGTA","Rose_eucalyptus_Plate_1","barcode_layout_1"
"WAR4048A1_73","J345",1,"A10","B-0064","GTTGGAAT","B-0031","AACCATGC","Rose_eucalyptus_Plate_1","barcode_layout_1"
"WAR4048A1_74","J303",1,"B10","B-0064","GTTGGAAT","B-0032","AGAGCCTG","Rose_eucalyptus_Plate_1","barcode_layout_1"
"WAR4048A1_75","J315",1,"C10","B-0064","GTTGGAAT","B-0033","ATAGCCAT","Rose_eucalyptus_Plate_1","barcode_layout_1"
"WAR4048A1_76","TLC775",1,"D10","B-0064","GTTGGAAT","B-0034","CCGTAACC","Rose_eucalyptus_Plate_1","barcode_layout_1"
"WAR4048A1_77","Blank_12",1,"E10","B-0064","GTTGGAAT","B-0035","GATCTTAA","Rose_eucalyptus_Plate_1","barcode_layout_1"
"WAR4048A1_78","J358",1,"F10","B-0064","GTTGGAAT","B-0036","GGTTGAGG","Rose_eucalyptus_Plate_1","barcode_layout_1"
"WAR4048A1_79","J333_plus",1,"G10","B-0064","GTTGGAAT","B-0037","GTCAGGCT","Rose_eucalyptus_Plate_1","barcode_layout_1"
"WAR4048A1_80","J355",1,"H10","B-0064","GTTGGAAT","B-0038","TCGCCGTA","Rose_eucalyptus_Plate_1","barcode_layout_1"
"WAR4048A1_81","J343",1,"A11","B-0065","TGCGTATC","B-0031","AACCATGC","Rose_eucalyptus_Plate_1","barcode_layout_1"
"WAR4048A1_82","J320",1,"B11","B-0065","TGCGTATC","B-0032","AGAGCCTG","Rose_eucalyptus_Plate_1","barcode_layout_1"
"WAR4048A1_83","J381",1,"C11","B-0065","TGCGTATC","B-0033","ATAGCCAT","Rose_eucalyptus_Plate_1","barcode_layout_1"
"WAR4048A1_84","J361",1,"D11","B-0065","TGCGTATC","B-0034","CCGTAACC","Rose_eucalyptus_Plate_1","barcode_layout_1"
"WAR4048A1_85","J360",1,"E11","B-0065","TGCGTATC","B-0035","GATCTTAA","Rose_eucalyptus_Plate_1","barcode_layout_1"
"WAR4048A1_86","J347",1,"F11","B-0065","TGCGTATC","B-0036","GGTTGAGG","Rose_eucalyptus_Plate_1","barcode_layout_1"
"WAR4048A1_87","VWG14",1,"G11","B-0065","TGCGTATC","B-0037","GTCAGGCT","Rose_eucalyptus_Plate_1","barcode_layout_1"
"WAR4048A1_88","J370",1,"H11","B-0065","TGCGTATC","B-0038","TCGCCGTA","Rose_eucalyptus_Plate_1","barcode_layout_1"
"WAR4048A1_89","J333",1,"A12","B-0066","TTGCTTGC","B-0031","AACCATGC","Rose_eucalyptus_Plate_1","barcode_layout_1"
"WAR4048A1_90","NDU10",1,"B12","B-0066","TTGCTTGC","B-0032","AGAGCCTG","Rose_eucalyptus_Plate_1","barcode_layout_1"
"WAR4048A1_91","NCD30",1,"C12","B-0066","TTGCTTGC","B-0033","ATAGCCAT","Rose_eucalyptus_Plate_1","barcode_layout_1"
"WAR4048A1_92","J331",1,"D12","B-0066","TTGCTTGC","B-0034","CCGTAACC","Rose_eucalyptus_Plate_1","barcode_layout_1"
"WAR4048A1_93","J349",1,"E12","B-0066","TTGCTTGC","B-0035","GATCTTAA","Rose_eucalyptus_Plate_1","barcode_layout_1"
"WAR4048A1_94","J371",1,"F12","B-0066","TTGCTTGC","B-0036","GGTTGAGG","Rose_eucalyptus_Plate_1","barcode_layout_1"
"WAR4048A1_95","J348",1,"G12","B-0066","TTGCTTGC","B-0037","GTCAGGCT","Rose_eucalyptus_Plate_1","barcode_layout_1"
"WAR4048A1_96","J345_plus",1,"H12","B-0066","TTGCTTGC","B-0038","TCGCCGTA","Rose_eucalyptus_Plate_1","barcode_layout_1"
"WAR4048A1_97","Blank_21",2,"A1","B-0086","AACCAGGT","B-0078","ACCAAGAT","Rose_eucalyptus_Plate_2","barcode_layout_5"
"WAR4048A1_98","J414",2,"B1","B-0086","AACCAGGT","B-0079","CAAGGAAG","Rose_eucalyptus_Plate_2","barcode_layout_5"
"WAR4048A1_99","J424",2,"C1","B-0086","AACCAGGT","B-0080","CCGCCAGC","Rose_eucalyptus_Plate_2","barcode_layout_5"
"WAR4048A1_100","J413",2,"D1","B-0086","AACCAGGT","B-0081","CGTAACGT","Rose_eucalyptus_Plate_2","barcode_layout_5"
"WAR4048A1_101","J402",2,"E1","B-0086","AACCAGGT","B-0082","GGTCTGAG","Rose_eucalyptus_Plate_2","barcode_layout_5"
"WAR4048A1_102","NE37647",2,"F1","B-0086","AACCAGGT","B-0083","TACGTTCA","Rose_eucalyptus_Plate_2","barcode_layout_5"
"WAR4048A1_103","J406",2,"G1","B-0086","AACCAGGT","B-0084","TTATTCTC","Rose_eucalyptus_Plate_2","barcode_layout_5"
"WAR4048A1_104","J417",2,"H1","B-0086","AACCAGGT","B-0085","TTGAGGTA","Rose_eucalyptus_Plate_2","barcode_layout_5"
"WAR4048A1_105","NE67754",2,"A2","B-0087","AAGAACCG","B-0078","ACCAAGAT","Rose_eucalyptus_Plate_2","barcode_layout_5"
"WAR4048A1_106","M1c",2,"B2","B-0087","AAGAACCG","B-0079","CAAGGAAG","Rose_eucalyptus_Plate_2","barcode_layout_5"
"WAR4048A1_107","NE4583",2,"C2","B-0087","AAGAACCG","B-0080","CCGCCAGC","Rose_eucalyptus_Plate_2","barcode_layout_5"
"WAR4048A1_108","J411",2,"D2","B-0087","AAGAACCG","B-0081","CGTAACGT","Rose_eucalyptus_Plate_2","barcode_layout_5"
"WAR4048A1_109","J423",2,"E2","B-0087","AAGAACCG","B-0082","GGTCTGAG","Rose_eucalyptus_Plate_2","barcode_layout_5"
"WAR4048A1_110","VWG14",2,"F2","B-0087","AAGAACCG","B-0083","TACGTTCA","Rose_eucalyptus_Plate_2","barcode_layout_5"
"WAR4048A1_111","J375-rep1",2,"G2","B-0087","AAGAACCG","B-0084","TTATTCTC","Rose_eucalyptus_Plate_2","barcode_layout_5"
"WAR4048A1_112","NE37169",2,"H2","B-0087","AAGAACCG","B-0085","TTGAGGTA","Rose_eucalyptus_Plate_2","barcode_layout_5"
"WAR4048A1_113","J403",2,"A3","B-0088","AAGACCGC","B-0078","ACCAAGAT","Rose_eucalyptus_Plate_2","barcode_layout_5"
"WAR4048A1_114","M2b",2,"B3","B-0088","AAGACCGC","B-0079","CAAGGAAG","Rose_eucalyptus_Plate_2","barcode_layout_5"
"WAR4048A1_115","NE25953",2,"C3","B-0088","AAGACCGC","B-0080","CCGCCAGC","Rose_eucalyptus_Plate_2","barcode_layout_5"
"WAR4048A1_116","J420",2,"D3","B-0088","AAGACCGC","B-0081","CGTAACGT","Rose_eucalyptus_Plate_2","barcode_layout_5"
"WAR4048A1_117","VMA18",2,"E3","B-0088","AAGACCGC","B-0082","GGTCTGAG","Rose_eucalyptus_Plate_2","barcode_layout_5"
"WAR4048A1_118","NE35959",2,"F3","B-0088","AAGACCGC","B-0083","TACGTTCA","Rose_eucalyptus_Plate_2","barcode_layout_5"
"WAR4048A1_119","J421",2,"G3","B-0088","AAGACCGC","B-0084","TTATTCTC","Rose_eucalyptus_Plate_2","barcode_layout_5"
"WAR4048A1_120","NE90535",2,"H3","B-0088","AAGACCGC","B-0085","TTGAGGTA","Rose_eucalyptus_Plate_2","barcode_layout_5"
"WAR4048A1_121","M2a",2,"A4","B-0089","CCTAGATA","B-0078","ACCAAGAT","Rose_eucalyptus_Plate_2","barcode_layout_5"
"WAR4048A1_122","J419",2,"B4","B-0089","CCTAGATA","B-0079","CAAGGAAG","Rose_eucalyptus_Plate_2","barcode_layout_5"
"WAR4048A1_123","J408",2,"C4","B-0089","CCTAGATA","B-0080","CCGCCAGC","Rose_eucalyptus_Plate_2","barcode_layout_5"
"WAR4048A1_124","J405",2,"D4","B-0089","CCTAGATA","B-0081","CGTAACGT","Rose_eucalyptus_Plate_2","barcode_layout_5"
"WAR4048A1_125","J416",2,"E4","B-0089","CCTAGATA","B-0082","GGTCTGAG","Rose_eucalyptus_Plate_2","barcode_layout_5"
"WAR4048A1_126","J404",2,"F4","B-0089","CCTAGATA","B-0083","TACGTTCA","Rose_eucalyptus_Plate_2","barcode_layout_5"
"WAR4048A1_127","J412",2,"G4","B-0089","CCTAGATA","B-0084","TTATTCTC","Rose_eucalyptus_Plate_2","barcode_layout_5"
"WAR4048A1_128","J397",2,"H4","B-0089","CCTAGATA","B-0085","TTGAGGTA","Rose_eucalyptus_Plate_2","barcode_layout_5"
"WAR4048A1_129","NE35955",2,"A5","B-0090","CGTTCCAT","B-0078","ACCAAGAT","Rose_eucalyptus_Plate_2","barcode_layout_5"
"WAR4048A1_130","J422",2,"B5","B-0090","CGTTCCAT","B-0079","CAAGGAAG","Rose_eucalyptus_Plate_2","barcode_layout_5"
"WAR4048A1_131","J400",2,"C5","B-0090","CGTTCCAT","B-0080","CCGCCAGC","Rose_eucalyptus_Plate_2","barcode_layout_5"
"WAR4048A1_132","J401",2,"D5","B-0090","CGTTCCAT","B-0081","CGTAACGT","Rose_eucalyptus_Plate_2","barcode_layout_5"
"WAR4048A1_133","NE25923",2,"E5","B-0090","CGTTCCAT","B-0082","GGTCTGAG","Rose_eucalyptus_Plate_2","barcode_layout_5"
"WAR4048A1_134","NE36811",2,"F5","B-0090","CGTTCCAT","B-0083","TACGTTCA","Rose_eucalyptus_Plate_2","barcode_layout_5"
"WAR4048A1_135","J431",2,"G5","B-0090","CGTTCCAT","B-0084","TTATTCTC","Rose_eucalyptus_Plate_2","barcode_layout_5"
"WAR4048A1_136","J333a",2,"H5","B-0090","CGTTCCAT","B-0085","TTGAGGTA","Rose_eucalyptus_Plate_2","barcode_layout_5"
"WAR4048A1_137","J418",2,"A6","B-0091","CTGGTTCG","B-0078","ACCAAGAT","Rose_eucalyptus_Plate_2","barcode_layout_5"
"WAR4048A1_138","J392",2,"B6","B-0091","CTGGTTCG","B-0079","CAAGGAAG","Rose_eucalyptus_Plate_2","barcode_layout_5"
"WAR4048A1_139","NE10467",2,"C6","B-0091","CTGGTTCG","B-0080","CCGCCAGC","Rose_eucalyptus_Plate_2","barcode_layout_5"
"WAR4048A1_140","J399",2,"D6","B-0091","CTGGTTCG","B-0081","CGTAACGT","Rose_eucalyptus_Plate_2","barcode_layout_5"
"WAR4048A1_141","J432",2,"E6","B-0091","CTGGTTCG","B-0082","GGTCTGAG","Rose_eucalyptus_Plate_2","barcode_layout_5"
"WAR4048A1_142","J427a",2,"F6","B-0091","CTGGTTCG","B-0083","TACGTTCA","Rose_eucalyptus_Plate_2","barcode_layout_5"
"WAR4048A1_143","J407",2,"G6","B-0091","CTGGTTCG","B-0084","TTATTCTC","Rose_eucalyptus_Plate_2","barcode_layout_5"
"WAR4048A1_144","J427",2,"H6","B-0091","CTGGTTCG","B-0085","TTGAGGTA","Rose_eucalyptus_Plate_2","barcode_layout_5"
"WAR4048A1_145","blank_31",3,"A1","B-0086","AACCAGGT","B-0031","AACCATGC","Rose_eucalyptus_Plate_3","barcode_layout_2"
"WAR4048A1_146","J352",3,"B1","B-0086","AACCAGGT","B-0032","AGAGCCTG","Rose_eucalyptus_Plate_3","barcode_layout_2"
"WAR4048A1_147","J350",3,"C1","B-0086","AACCAGGT","B-0033","ATAGCCAT","Rose_eucalyptus_Plate_3","barcode_layout_2"
"WAR4048A1_148","J301",3,"D1","B-0086","AACCAGGT","B-0034","CCGTAACC","Rose_eucalyptus_Plate_3","barcode_layout_2"
"WAR4048A1_149","J350a",3,"E1","B-0086","AACCAGGT","B-0035","GATCTTAA","Rose_eucalyptus_Plate_3","barcode_layout_2"
"WAR4048A1_150","J359c",3,"F1","B-0086","AACCAGGT","B-0036","GGTTGAGG","Rose_eucalyptus_Plate_3","barcode_layout_2"
"WAR4048A1_151","J342a",3,"G1","B-0086","AACCAGGT","B-0037","GTCAGGCT","Rose_eucalyptus_Plate_3","barcode_layout_2"
"WAR4048A1_152","J355e",3,"H1","B-0086","AACCAGGT","B-0038","TCGCCGTA","Rose_eucalyptus_Plate_3","barcode_layout_2"
"WAR4048A1_153","J349a",3,"A2","B-0087","AAGAACCG","B-0031","AACCATGC","Rose_eucalyptus_Plate_3","barcode_layout_2"
"WAR4048A1_154","J374g",3,"B2","B-0087","AAGAACCG","B-0032","AGAGCCTG","Rose_eucalyptus_Plate_3","barcode_layout_2"
"WAR4048A1_155","J341d",3,"C2","B-0087","AAGAACCG","B-0033","ATAGCCAT","Rose_eucalyptus_Plate_3","barcode_layout_2"
"WAR4048A1_156","J359a",3,"D2","B-0087","AAGAACCG","B-0034","CCGTAACC","Rose_eucalyptus_Plate_3","barcode_layout_2"
"WAR4048A1_157","J385-rep",3,"E2","B-0087","AAGAACCG","B-0035","GATCTTAA","Rose_eucalyptus_Plate_3","barcode_layout_2"
"WAR4048A1_158","J350b",3,"F2","B-0087","AAGAACCG","B-0036","GGTTGAGG","Rose_eucalyptus_Plate_3","barcode_layout_2"
"WAR4048A1_159","J387b",3,"G2","B-0087","AAGAACCG","B-0037","GTCAGGCT","Rose_eucalyptus_Plate_3","barcode_layout_2"
"WAR4048A1_160","J361g",3,"H2","B-0087","AAGAACCG","B-0038","TCGCCGTA","Rose_eucalyptus_Plate_3","barcode_layout_2"
"WAR4048A1_161","J295-rep",3,"A3","B-0088","AAGACCGC","B-0031","AACCATGC","Rose_eucalyptus_Plate_3","barcode_layout_2"
"WAR4048A1_162","J355g",3,"B3","B-0088","AAGACCGC","B-0032","AGAGCCTG","Rose_eucalyptus_Plate_3","barcode_layout_2"
"WAR4048A1_163","J385",3,"C3","B-0088","AAGACCGC","B-0033","ATAGCCAT","Rose_eucalyptus_Plate_3","barcode_layout_2"
"WAR4048A1_164","J345",3,"D3","B-0088","AAGACCGC","B-0034","CCGTAACC","Rose_eucalyptus_Plate_3","barcode_layout_2"
"WAR4048A1_165","J349e",3,"E3","B-0088","AAGACCGC","B-0035","GATCTTAA","Rose_eucalyptus_Plate_3","barcode_layout_2"
"WAR4048A1_166","J341",3,"F3","B-0088","AAGACCGC","B-0036","GGTTGAGG","Rose_eucalyptus_Plate_3","barcode_layout_2"
"WAR4048A1_167","J385h",3,"G3","B-0088","AAGACCGC","B-0037","GTCAGGCT","Rose_eucalyptus_Plate_3","barcode_layout_2"
"WAR4048A1_168","J352e",3,"H3","B-0088","AAGACCGC","B-0038","TCGCCGTA","Rose_eucalyptus_Plate_3","barcode_layout_2"
"WAR4048A1_169","J293",3,"A4","B-0089","CCTAGATA","B-0031","AACCATGC","Rose_eucalyptus_Plate_3","barcode_layout_2"
"WAR4048A1_170","RA1006",3,"B4","B-0089","CCTAGATA","B-0032","AGAGCCTG","Rose_eucalyptus_Plate_3","barcode_layout_2"
"WAR4048A1_171","J352a",3,"C4","B-0089","CCTAGATA","B-0033","ATAGCCAT","Rose_eucalyptus_Plate_3","barcode_layout_2"
"WAR4048A1_172","J359d",3,"D4","B-0089","CCTAGATA","B-0034","CCGTAACC","Rose_eucalyptus_Plate_3","barcode_layout_2"
"WAR4048A1_173","J359e",3,"E4","B-0089","CCTAGATA","B-0035","GATCTTAA","Rose_eucalyptus_Plate_3","barcode_layout_2"
"WAR4048A1_174","J350h",3,"F4","B-0089","CCTAGATA","B-0036","GGTTGAGG","Rose_eucalyptus_Plate_3","barcode_layout_2"
"WAR4048A1_175","J349j",3,"G4","B-0089","CCTAGATA","B-0037","GTCAGGCT","Rose_eucalyptus_Plate_3","barcode_layout_2"
"WAR4048A1_176","J349d",3,"H4","B-0089","CCTAGATA","B-0038","TCGCCGTA","Rose_eucalyptus_Plate_3","barcode_layout_2"
"WAR4048A1_177","J361h",3,"A5","B-0090","CGTTCCAT","B-0031","AACCATGC","Rose_eucalyptus_Plate_3","barcode_layout_2"
"WAR4048A1_178","J361b",3,"B5","B-0090","CGTTCCAT","B-0032","AGAGCCTG","Rose_eucalyptus_Plate_3","barcode_layout_2"
"WAR4048A1_179","J359",3,"C5","B-0090","CGTTCCAT","B-0033","ATAGCCAT","Rose_eucalyptus_Plate_3","barcode_layout_2"
"WAR4048A1_180","J352b",3,"D5","B-0090","CGTTCCAT","B-0034","CCGTAACC","Rose_eucalyptus_Plate_3","barcode_layout_2"
"WAR4048A1_181","J304",3,"E5","B-0090","CGTTCCAT","B-0035","GATCTTAA","Rose_eucalyptus_Plate_3","barcode_layout_2"
"WAR4048A1_182","J367b",3,"F5","B-0090","CGTTCCAT","B-0036","GGTTGAGG","Rose_eucalyptus_Plate_3","barcode_layout_2"
"WAR4048A1_183","J361",3,"G5","B-0090","CGTTCCAT","B-0037","GTCAGGCT","Rose_eucalyptus_Plate_3","barcode_layout_2"
"WAR4048A1_184","J382e",3,"H5","B-0090","CGTTCCAT","B-0038","TCGCCGTA","Rose_eucalyptus_Plate_3","barcode_layout_2"
"WAR4048A1_185","J298",3,"A6","B-0091","CTGGTTCG","B-0031","AACCATGC","Rose_eucalyptus_Plate_3","barcode_layout_2"
"WAR4048A1_186","J355c",3,"B6","B-0091","CTGGTTCG","B-0032","AGAGCCTG","Rose_eucalyptus_Plate_3","barcode_layout_2"
"WAR4048A1_187","J349f",3,"C6","B-0091","CTGGTTCG","B-0033","ATAGCCAT","Rose_eucalyptus_Plate_3","barcode_layout_2"
"WAR4048A1_188","J349g",3,"D6","B-0091","CTGGTTCG","B-0034","CCGTAACC","Rose_eucalyptus_Plate_3","barcode_layout_2"
"WAR4048A1_189","J312",3,"E6","B-0091","CTGGTTCG","B-0035","GATCTTAA","Rose_eucalyptus_Plate_3","barcode_layout_2"
"WAR4048A1_190","J362b",3,"F6","B-0091","CTGGTTCG","B-0036","GGTTGAGG","Rose_eucalyptus_Plate_3","barcode_layout_2"
"WAR4048A1_191","J341a",3,"G6","B-0091","CTGGTTCG","B-0037","GTCAGGCT","Rose_eucalyptus_Plate_3","barcode_layout_2"
"WAR4048A1_192","J341b",3,"H6","B-0091","CTGGTTCG","B-0038","TCGCCGTA","Rose_eucalyptus_Plate_3","barcode_layout_2"
"WAR4048A1_193","J359i",3,"A7","B-0092","GGATTACC","B-0031","AACCATGC","Rose_eucalyptus_Plate_3","barcode_layout_2"
"WAR4048A1_194","J362",3,"B7","B-0092","GGATTACC","B-0032","AGAGCCTG","Rose_eucalyptus_Plate_3","barcode_layout_2"
"WAR4048A1_195","J376g",3,"C7","B-0092","GGATTACC","B-0033","ATAGCCAT","Rose_eucalyptus_Plate_3","barcode_layout_2"
"WAR4048A1_196","J350g",3,"D7","B-0092","GGATTACC","B-0034","CCGTAACC","Rose_eucalyptus_Plate_3","barcode_layout_2"
"WAR4048A1_197","J361a",3,"E7","B-0092","GGATTACC","B-0035","GATCTTAA","Rose_eucalyptus_Plate_3","barcode_layout_2"
"WAR4048A1_198","J355",3,"F7","B-0092","GGATTACC","B-0036","GGTTGAGG","Rose_eucalyptus_Plate_3","barcode_layout_2"
"WAR4048A1_199","J385i",3,"G7","B-0092","GGATTACC","B-0037","GTCAGGCT","Rose_eucalyptus_Plate_3","barcode_layout_2"
"WAR4048A1_200","J342c",3,"H7","B-0092","GGATTACC","B-0038","TCGCCGTA","Rose_eucalyptus_Plate_3","barcode_layout_2"
"WAR4048A1_201","J341c",3,"A8","B-0093","GGTATCTA","B-0031","AACCATGC","Rose_eucalyptus_Plate_3","barcode_layout_2"
"WAR4048A1_202","J295",3,"B8","B-0093","GGTATCTA","B-0032","AGAGCCTG","Rose_eucalyptus_Plate_3","barcode_layout_2"
"WAR4048A1_203","J359b",3,"C8","B-0093","GGTATCTA","B-0033","ATAGCCAT","Rose_eucalyptus_Plate_3","barcode_layout_2"
"WAR4048A1_204","J303",3,"D8","B-0093","GGTATCTA","B-0034","CCGTAACC","Rose_eucalyptus_Plate_3","barcode_layout_2"
"WAR4048A1_205","J361d",3,"E8","B-0093","GGTATCTA","B-0035","GATCTTAA","Rose_eucalyptus_Plate_3","barcode_layout_2"
"WAR4048A1_206","J342",3,"F8","B-0093","GGTATCTA","B-0036","GGTTGAGG","Rose_eucalyptus_Plate_3","barcode_layout_2"
"WAR4048A1_207","J350c",3,"G8","B-0093","GGTATCTA","B-0037","GTCAGGCT","Rose_eucalyptus_Plate_3","barcode_layout_2"
"WAR4048A1_208","J355a",3,"H8","B-0093","GGTATCTA","B-0038","TCGCCGTA","Rose_eucalyptus_Plate_3","barcode_layout_2"
"WAR4048A1_209","J349i",3,"A9","B-0094","GTCGCTAG","B-0031","AACCATGC","Rose_eucalyptus_Plate_3","barcode_layout_2"
"WAR4048A1_210","J361c",3,"B9","B-0094","GTCGCTAG","B-0032","AGAGCCTG","Rose_eucalyptus_Plate_3","barcode_layout_2"
"WAR4048A1_211","J349b",3,"C9","B-0094","GTCGCTAG","B-0033","ATAGCCAT","Rose_eucalyptus_Plate_3","barcode_layout_2"
"WAR4048A1_212","J349h",3,"D9","B-0094","GTCGCTAG","B-0034","CCGTAACC","Rose_eucalyptus_Plate_3","barcode_layout_2"
"WAR4048A1_213","J342d",3,"E9","B-0094","GTCGCTAG","B-0035","GATCTTAA","Rose_eucalyptus_Plate_3","barcode_layout_2"
"WAR4048A1_214","J359g",3,"F9","B-0094","GTCGCTAG","B-0036","GGTTGAGG","Rose_eucalyptus_Plate_3","barcode_layout_2"
"WAR4048A1_215","J342b",3,"G9","B-0094","GTCGCTAG","B-0037","GTCAGGCT","Rose_eucalyptus_Plate_3","barcode_layout_2"
"WAR4048A1_216","J350e",3,"H9","B-0094","GTCGCTAG","B-0038","TCGCCGTA","Rose_eucalyptus_Plate_3","barcode_layout_2"
"WAR4048A1_217","J352g",3,"A10","B-0095","TCAGAGAT","B-0031","AACCATGC","Rose_eucalyptus_Plate_3","barcode_layout_2"
"WAR4048A1_218","J352h",3,"B10","B-0095","TCAGAGAT","B-0032","AGAGCCTG","Rose_eucalyptus_Plate_3","barcode_layout_2"
"WAR4048A1_219","J302",3,"C10","B-0095","TCAGAGAT","B-0033","ATAGCCAT","Rose_eucalyptus_Plate_3","barcode_layout_2"
"WAR4048A1_220","J362a",3,"D10","B-0095","TCAGAGAT","B-0034","CCGTAACC","Rose_eucalyptus_Plate_3","barcode_layout_2"
"WAR4048A1_221","J355d",3,"E10","B-0095","TCAGAGAT","B-0035","GATCTTAA","Rose_eucalyptus_Plate_3","barcode_layout_2"
"WAR4048A1_222","J350i",3,"F10","B-0095","TCAGAGAT","B-0036","GGTTGAGG","Rose_eucalyptus_Plate_3","barcode_layout_2"
"WAR4048A1_223","J350d",3,"G10","B-0095","TCAGAGAT","B-0037","GTCAGGCT","Rose_eucalyptus_Plate_3","barcode_layout_2"
"WAR4048A1_224","J345d",3,"H10","B-0095","TCAGAGAT","B-0038","TCGCCGTA","Rose_eucalyptus_Plate_3","barcode_layout_2"
"WAR4048A1_225","J294",3,"A11","B-0096","TCTATGGA","B-0031","AACCATGC","Rose_eucalyptus_Plate_3","barcode_layout_2"
"WAR4048A1_226","J355f",3,"B11","B-0096","TCTATGGA","B-0032","AGAGCCTG","Rose_eucalyptus_Plate_3","barcode_layout_2"
"WAR4048A1_227","J377g",3,"C11","B-0096","TCTATGGA","B-0033","ATAGCCAT","Rose_eucalyptus_Plate_3","barcode_layout_2"
"WAR4048A1_228","J345a",3,"D11","B-0096","TCTATGGA","B-0034","CCGTAACC","Rose_eucalyptus_Plate_3","barcode_layout_2"
"WAR4048A1_229","J359h",3,"E11","B-0096","TCTATGGA","B-0035","GATCTTAA","Rose_eucalyptus_Plate_3","barcode_layout_2"
"WAR4048A1_230","J352d",3,"F11","B-0096","TCTATGGA","B-0036","GGTTGAGG","Rose_eucalyptus_Plate_3","barcode_layout_2"
"WAR4048A1_231","J361e",3,"G11","B-0096","TCTATGGA","B-0037","GTCAGGCT","Rose_eucalyptus_Plate_3","barcode_layout_2"
"WAR4048A1_232","J352f",3,"H11","B-0096","TCTATGGA","B-0038","TCGCCGTA","Rose_eucalyptus_Plate_3","barcode_layout_2"
"WAR4048A1_233","J361i",3,"A12","B-0097","TGAGGTTC","B-0031","AACCATGC","Rose_eucalyptus_Plate_3","barcode_layout_2"
"WAR4048A1_234","J300",3,"B12","B-0097","TGAGGTTC","B-0032","AGAGCCTG","Rose_eucalyptus_Plate_3","barcode_layout_2"
"WAR4048A1_235","J350f",3,"C12","B-0097","TGAGGTTC","B-0033","ATAGCCAT","Rose_eucalyptus_Plate_3","barcode_layout_2"
"WAR4048A1_236","J352i",3,"D12","B-0097","TGAGGTTC","B-0034","CCGTAACC","Rose_eucalyptus_Plate_3","barcode_layout_2"
"WAR4048A1_237","J352c",3,"E12","B-0097","TGAGGTTC","B-0035","GATCTTAA","Rose_eucalyptus_Plate_3","barcode_layout_2"
"WAR4048A1_238","J361f",3,"F12","B-0097","TGAGGTTC","B-0036","GGTTGAGG","Rose_eucalyptus_Plate_3","barcode_layout_2"
"WAR4048A1_239","J342a-rep",3,"G12","B-0097","TGAGGTTC","B-0037","GTCAGGCT","Rose_eucalyptus_Plate_3","barcode_layout_2"
"WAR4048A1_240","blank_32",3,"H12","B-0097","TGAGGTTC","B-0038","TCGCCGTA","Rose_eucalyptus_Plate_3","barcode_layout_2"
"WAR4048A1_241","blank_41",4,"A1","B-0108","AACCGAAC","B-0031","AACCATGC","Rose_eucalyptus_Plate_4","barcode_layout_3"
"WAR4048A1_242","RA1007",4,"B1","B-0108","AACCGAAC","B-0032","AGAGCCTG","Rose_eucalyptus_Plate_4","barcode_layout_3"
"WAR4048A1_243","J385b",4,"C1","B-0108","AACCGAAC","B-0033","ATAGCCAT","Rose_eucalyptus_Plate_4","barcode_layout_3"
"WAR4048A1_244","J387d",4,"D1","B-0108","AACCGAAC","B-0034","CCGTAACC","Rose_eucalyptus_Plate_4","barcode_layout_3"
"WAR4048A1_245","J377e",4,"E1","B-0108","AACCGAAC","B-0035","GATCTTAA","Rose_eucalyptus_Plate_4","barcode_layout_3"
"WAR4048A1_246","J401e",4,"F1","B-0108","AACCGAAC","B-0036","GGTTGAGG","Rose_eucalyptus_Plate_4","barcode_layout_3"
"WAR4048A1_247","J401h",4,"G1","B-0108","AACCGAAC","B-0037","GTCAGGCT","Rose_eucalyptus_Plate_4","barcode_layout_3"
"WAR4048A1_248","J386b",4,"H1","B-0108","AACCGAAC","B-0038","TCGCCGTA","Rose_eucalyptus_Plate_4","barcode_layout_3"
"WAR4048A1_249","J388b",4,"A2","B-0109","AACCTATA","B-0031","AACCATGC","Rose_eucalyptus_Plate_4","barcode_layout_3"
"WAR4048A1_250","J387f",4,"B2","B-0109","AACCTATA","B-0032","AGAGCCTG","Rose_eucalyptus_Plate_4","barcode_layout_3"
"WAR4048A1_251","J387c",4,"C2","B-0109","AACCTATA","B-0033","ATAGCCAT","Rose_eucalyptus_Plate_4","barcode_layout_3"
"WAR4048A1_252","J374b",4,"D2","B-0109","AACCTATA","B-0034","CCGTAACC","Rose_eucalyptus_Plate_4","barcode_layout_3"
"WAR4048A1_253","J385d",4,"E2","B-0109","AACCTATA","B-0035","GATCTTAA","Rose_eucalyptus_Plate_4","barcode_layout_3"
"WAR4048A1_254","J382b",4,"F2","B-0109","AACCTATA","B-0036","GGTTGAGG","Rose_eucalyptus_Plate_4","barcode_layout_3"
"WAR4048A1_255","J401c",4,"G2","B-0109","AACCTATA","B-0037","GTCAGGCT","Rose_eucalyptus_Plate_4","barcode_layout_3"
"WAR4048A1_256","J388g",4,"H2","B-0109","AACCTATA","B-0038","TCGCCGTA","Rose_eucalyptus_Plate_4","barcode_layout_3"
"WAR4048A1_257","J416a",4,"A3","B-0110","ACCAAGTT","B-0031","AACCATGC","Rose_eucalyptus_Plate_4","barcode_layout_3"
"WAR4048A1_258","J374h",4,"B3","B-0110","ACCAAGTT","B-0032","AGAGCCTG","Rose_eucalyptus_Plate_4","barcode_layout_3"
"WAR4048A1_259","J367g",4,"C3","B-0110","ACCAAGTT","B-0033","ATAGCCAT","Rose_eucalyptus_Plate_4","barcode_layout_3"
"WAR4048A1_260","J367d",4,"D3","B-0110","ACCAAGTT","B-0034","CCGTAACC","Rose_eucalyptus_Plate_4","barcode_layout_3"
"WAR4048A1_261","J374c",4,"E3","B-0110","ACCAAGTT","B-0035","GATCTTAA","Rose_eucalyptus_Plate_4","barcode_layout_3"
"WAR4048A1_262","J382i",4,"F3","B-0110","ACCAAGTT","B-0036","GGTTGAGG","Rose_eucalyptus_Plate_4","barcode_layout_3"
"WAR4048A1_263","J382h",4,"G3","B-0110","ACCAAGTT","B-0037","GTCAGGCT","Rose_eucalyptus_Plate_4","barcode_layout_3"
"WAR4048A1_264","J418i",4,"H3","B-0110","ACCAAGTT","B-0038","TCGCCGTA","Rose_eucalyptus_Plate_4","barcode_layout_3"
"WAR4048A1_265","J386a",4,"A4","B-0111","ATACCTAC","B-0031","AACCATGC","Rose_eucalyptus_Plate_4","barcode_layout_3"
"WAR4048A1_266","J376a",4,"B4","B-0111","ATACCTAC","B-0032","AGAGCCTG","Rose_eucalyptus_Plate_4","barcode_layout_3"
"WAR4048A1_267","J374a",4,"C4","B-0111","ATACCTAC","B-0033","ATAGCCAT","Rose_eucalyptus_Plate_4","barcode_layout_3"
"WAR4048A1_268","J374f",4,"D4","B-0111","ATACCTAC","B-0034","CCGTAACC","Rose_eucalyptus_Plate_4","barcode_layout_3"
"WAR4048A1_269","J377a",4,"E4","B-0111","ATACCTAC","B-0035","GATCTTAA","Rose_eucalyptus_Plate_4","barcode_layout_3"
"WAR4048A1_270","J382g",4,"F4","B-0111","ATACCTAC","B-0036","GGTTGAGG","Rose_eucalyptus_Plate_4","barcode_layout_3"
"WAR4048A1_271","J388f",4,"G4","B-0111","ATACCTAC","B-0037","GTCAGGCT","Rose_eucalyptus_Plate_4","barcode_layout_3"
"WAR4048A1_272","J405f",4,"H4","B-0111","ATACCTAC","B-0038","TCGCCGTA","Rose_eucalyptus_Plate_4","barcode_layout_3"
"WAR4048A1_273","J376b",4,"A5","B-0112","CGGTAGGT","B-0031","AACCATGC","Rose_eucalyptus_Plate_4","barcode_layout_3"
"WAR4048A1_274","J387",4,"B5","B-0112","CGGTAGGT","B-0032","AGAGCCTG","Rose_eucalyptus_Plate_4","barcode_layout_3"
"WAR4048A1_275","J376a-rep",4,"C5","B-0112","CGGTAGGT","B-0033","ATAGCCAT","Rose_eucalyptus_Plate_4","barcode_layout_3"
"WAR4048A1_276","J387h",4,"D5","B-0112","CGGTAGGT","B-0034","CCGTAACC","Rose_eucalyptus_Plate_4","barcode_layout_3"
"WAR4048A1_277","J367e",4,"E5","B-0112","CGGTAGGT","B-0035","GATCTTAA","Rose_eucalyptus_Plate_4","barcode_layout_3"
"WAR4048A1_278","J401a",4,"F5","B-0112","CGGTAGGT","B-0036","GGTTGAGG","Rose_eucalyptus_Plate_4","barcode_layout_3"
"WAR4048A1_279","J393e",4,"G5","B-0112","CGGTAGGT","B-0037","GTCAGGCT","Rose_eucalyptus_Plate_4","barcode_layout_3"
"WAR4048A1_280","J388i",4,"H5","B-0112","CGGTAGGT","B-0038","TCGCCGTA","Rose_eucalyptus_Plate_4","barcode_layout_3"
"WAR4048A1_281","J367h",4,"A6","B-0113","CTAGTACC","B-0031","AACCATGC","Rose_eucalyptus_Plate_4","barcode_layout_3"
"WAR4048A1_282","J377h",4,"B6","B-0113","CTAGTACC","B-0032","AGAGCCTG","Rose_eucalyptus_Plate_4","barcode_layout_3"
"WAR4048A1_283","J377d",4,"C6","B-0113","CTAGTACC","B-0033","ATAGCCAT","Rose_eucalyptus_Plate_4","barcode_layout_3"
"WAR4048A1_284","J376d",4,"D6","B-0113","CTAGTACC","B-0034","CCGTAACC","Rose_eucalyptus_Plate_4","barcode_layout_3"
"WAR4048A1_285","J376f",4,"E6","B-0113","CTAGTACC","B-0035","GATCTTAA","Rose_eucalyptus_Plate_4","barcode_layout_3"
"WAR4048A1_286","J401g",4,"F6","B-0113","CTAGTACC","B-0036","GGTTGAGG","Rose_eucalyptus_Plate_4","barcode_layout_3"
"WAR4048A1_287","J405a",4,"G6","B-0113","CTAGTACC","B-0037","GTCAGGCT","Rose_eucalyptus_Plate_4","barcode_layout_3"
"WAR4048A1_288","J418g",4,"H6","B-0113","CTAGTACC","B-0038","TCGCCGTA","Rose_eucalyptus_Plate_4","barcode_layout_3"
"WAR4048A1_289","J367i",4,"A7","B-0114","GGATGCTA","B-0031","AACCATGC","Rose_eucalyptus_Plate_4","barcode_layout_3"
"WAR4048A1_290","J374d",4,"B7","B-0114","GGATGCTA","B-0032","AGAGCCTG","Rose_eucalyptus_Plate_4","barcode_layout_3"
"WAR4048A1_291","J385g",4,"C7","B-0114","GGATGCTA","B-0033","ATAGCCAT","Rose_eucalyptus_Plate_4","barcode_layout_3"
"WAR4048A1_292","J377",4,"D7","B-0114","GGATGCTA","B-0034","CCGTAACC","Rose_eucalyptus_Plate_4","barcode_layout_3"
"WAR4048A1_293","J385e",4,"E7","B-0114","GGATGCTA","B-0035","GATCTTAA","Rose_eucalyptus_Plate_4","barcode_layout_3"
"WAR4048A1_294","J382c",4,"F7","B-0114","GGATGCTA","B-0036","GGTTGAGG","Rose_eucalyptus_Plate_4","barcode_layout_3"
"WAR4048A1_295","J393",4,"G7","B-0114","GGATGCTA","B-0037","GTCAGGCT","Rose_eucalyptus_Plate_4","barcode_layout_3"
"WAR4048A1_296","J405b",4,"H7","B-0114","GGATGCTA","B-0038","TCGCCGTA","Rose_eucalyptus_Plate_4","barcode_layout_3"
"WAR4048A1_297","J377i",4,"A8","B-0115","GGTTCTGA","B-0031","AACCATGC","Rose_eucalyptus_Plate_4","barcode_layout_3"
"WAR4048A1_298","J367c",4,"B8","B-0115","GGTTCTGA","B-0032","AGAGCCTG","Rose_eucalyptus_Plate_4","barcode_layout_3"
"WAR4048A1_299","J374i",4,"C8","B-0115","GGTTCTGA","B-0033","ATAGCCAT","Rose_eucalyptus_Plate_4","barcode_layout_3"
"WAR4048A1_300","J367",4,"D8","B-0115","GGTTCTGA","B-0034","CCGTAACC","Rose_eucalyptus_Plate_4","barcode_layout_3"
"WAR4048A1_301","J367a",4,"E8","B-0115","GGTTCTGA","B-0035","GATCTTAA","Rose_eucalyptus_Plate_4","barcode_layout_3"
"WAR4048A1_302","J386",4,"F8","B-0115","GGTTCTGA","B-0036","GGTTGAGG","Rose_eucalyptus_Plate_4","barcode_layout_3"
"WAR4048A1_303","J421",4,"G8","B-0115","GGTTCTGA","B-0037","GTCAGGCT","Rose_eucalyptus_Plate_4","barcode_layout_3"
"WAR4048A1_304","J393f",4,"H8","B-0115","GGTTCTGA","B-0038","TCGCCGTA","Rose_eucalyptus_Plate_4","barcode_layout_3"
"WAR4048A1_305","J387e",4,"A9","B-0116","TATCCTCG","B-0031","AACCATGC","Rose_eucalyptus_Plate_4","barcode_layout_3"
"WAR4048A1_306","J385a",4,"B9","B-0116","TATCCTCG","B-0032","AGAGCCTG","Rose_eucalyptus_Plate_4","barcode_layout_3"
"WAR4048A1_307","J376c",4,"C9","B-0116","TATCCTCG","B-0033","ATAGCCAT","Rose_eucalyptus_Plate_4","barcode_layout_3"
"WAR4048A1_308","J387g",4,"D9","B-0116","TATCCTCG","B-0034","CCGTAACC","Rose_eucalyptus_Plate_4","barcode_layout_3"
"WAR4048A1_309","J401d",4,"E9","B-0116","TATCCTCG","B-0035","GATCTTAA","Rose_eucalyptus_Plate_4","barcode_layout_3"
"WAR4048A1_310","J401b",4,"F9","B-0116","TATCCTCG","B-0036","GGTTGAGG","Rose_eucalyptus_Plate_4","barcode_layout_3"
"WAR4048A1_311","J385-rep",4,"G9","B-0116","TATCCTCG","B-0037","GTCAGGCT","Rose_eucalyptus_Plate_4","barcode_layout_3"
"WAR4048A1_312","J416f",4,"H9","B-0116","TATCCTCG","B-0038","TCGCCGTA","Rose_eucalyptus_Plate_4","barcode_layout_3"
"WAR4048A1_313","J377b",4,"A10","B-0117","TCGAGAAG","B-0031","AACCATGC","Rose_eucalyptus_Plate_4","barcode_layout_3"
"WAR4048A1_314","J374",4,"B10","B-0117","TCGAGAAG","B-0032","AGAGCCTG","Rose_eucalyptus_Plate_4","barcode_layout_3"
"WAR4048A1_315","J367f",4,"C10","B-0117","TCGAGAAG","B-0033","ATAGCCAT","Rose_eucalyptus_Plate_4","barcode_layout_3"
"WAR4048A1_316","J376e",4,"D10","B-0117","TCGAGAAG","B-0034","CCGTAACC","Rose_eucalyptus_Plate_4","barcode_layout_3"
"WAR4048A1_317","J382a",4,"E10","B-0117","TCGAGAAG","B-0035","GATCTTAA","Rose_eucalyptus_Plate_4","barcode_layout_3"
"WAR4048A1_318","J382d",4,"F10","B-0117","TCGAGAAG","B-0036","GGTTGAGG","Rose_eucalyptus_Plate_4","barcode_layout_3"
"WAR4048A1_319","J416h",4,"G10","B-0117","TCGAGAAG","B-0037","GTCAGGCT","Rose_eucalyptus_Plate_4","barcode_layout_3"
"WAR4048A1_320","J386c",4,"H10","B-0117","TCGAGAAG","B-0038","TCGCCGTA","Rose_eucalyptus_Plate_4","barcode_layout_3"
"WAR4048A1_321","J374e",4,"A11","B-0118","TCTGGCGG","B-0031","AACCATGC","Rose_eucalyptus_Plate_4","barcode_layout_3"
"WAR4048A1_322","J377c",4,"B11","B-0118","TCTGGCGG","B-0032","AGAGCCTG","Rose_eucalyptus_Plate_4","barcode_layout_3"
"WAR4048A1_323","J376i",4,"C11","B-0118","TCTGGCGG","B-0033","ATAGCCAT","Rose_eucalyptus_Plate_4","barcode_layout_3"
"WAR4048A1_324","J387a",4,"D11","B-0118","TCTGGCGG","B-0034","CCGTAACC","Rose_eucalyptus_Plate_4","barcode_layout_3"
"WAR4048A1_325","J377e-rep",4,"E11","B-0118","TCTGGCGG","B-0035","GATCTTAA","Rose_eucalyptus_Plate_4","barcode_layout_3"
"WAR4048A1_326","J401f",4,"F11","B-0118","TCTGGCGG","B-0036","GGTTGAGG","Rose_eucalyptus_Plate_4","barcode_layout_3"
"WAR4048A1_327","J386h",4,"G11","B-0118","TCTGGCGG","B-0037","GTCAGGCT","Rose_eucalyptus_Plate_4","barcode_layout_3"
"WAR4048A1_328","J416i",4,"H11","B-0118","TCTGGCGG","B-0038","TCGCCGTA","Rose_eucalyptus_Plate_4","barcode_layout_3"
"WAR4048A1_329","J385f",4,"A12","B-0119","TCTTAGCT","B-0031","AACCATGC","Rose_eucalyptus_Plate_4","barcode_layout_3"
"WAR4048A1_330","J376h",4,"B12","B-0119","TCTTAGCT","B-0032","AGAGCCTG","Rose_eucalyptus_Plate_4","barcode_layout_3"
"WAR4048A1_331","J385c",4,"C12","B-0119","TCTTAGCT","B-0033","ATAGCCAT","Rose_eucalyptus_Plate_4","barcode_layout_3"
"WAR4048A1_332","J376",4,"D12","B-0119","TCTTAGCT","B-0034","CCGTAACC","Rose_eucalyptus_Plate_4","barcode_layout_3"
"WAR4048A1_333","J387i",4,"E12","B-0119","TCTTAGCT","B-0035","GATCTTAA","Rose_eucalyptus_Plate_4","barcode_layout_3"
"WAR4048A1_334","J382f",4,"F12","B-0119","TCTTAGCT","B-0036","GGTTGAGG","Rose_eucalyptus_Plate_4","barcode_layout_3"
"WAR4048A1_335","J418c",4,"G12","B-0119","TCTTAGCT","B-0037","GTCAGGCT","Rose_eucalyptus_Plate_4","barcode_layout_3"
"WAR4048A1_336","blank_42",4,"H12","B-0119","TCTTAGCT","B-0038","TCGCCGTA","Rose_eucalyptus_Plate_4","barcode_layout_3"
"WAR4048A1_337","blank_51",5,"A1","B-0055","AACCATAA","B-0078","ACCAAGAT","Rose_eucalyptus_Plate_5","barcode_layout_4"
"WAR4048A1_338","J393b",5,"B1","B-0055","AACCATAA","B-0079","CAAGGAAG","Rose_eucalyptus_Plate_5","barcode_layout_4"
"WAR4048A1_339","J390",5,"C1","B-0055","AACCATAA","B-0080","CCGCCAGC","Rose_eucalyptus_Plate_5","barcode_layout_4"
"WAR4048A1_340","J406d",5,"D1","B-0055","AACCATAA","B-0081","CGTAACGT","Rose_eucalyptus_Plate_5","barcode_layout_4"
"WAR4048A1_341","J405e",5,"E1","B-0055","AACCATAA","B-0082","GGTCTGAG","Rose_eucalyptus_Plate_5","barcode_layout_4"
"WAR4048A1_342","J429d",5,"F1","B-0055","AACCATAA","B-0083","TACGTTCA","Rose_eucalyptus_Plate_5","barcode_layout_4"
"WAR4048A1_343","J419c",5,"G1","B-0055","AACCATAA","B-0084","TTATTCTC","Rose_eucalyptus_Plate_5","barcode_layout_4"
"WAR4048A1_344","J428d",5,"H1","B-0055","AACCATAA","B-0085","TTGAGGTA","Rose_eucalyptus_Plate_5","barcode_layout_4"
"WAR4048A1_345","J405g",5,"A2","B-0056","ACCAGCAA","B-0078","ACCAAGAT","Rose_eucalyptus_Plate_5","barcode_layout_4"
"WAR4048A1_346","J416b",5,"B2","B-0056","ACCAGCAA","B-0079","CAAGGAAG","Rose_eucalyptus_Plate_5","barcode_layout_4"
"WAR4048A1_347","J422a",5,"C2","B-0056","ACCAGCAA","B-0080","CCGCCAGC","Rose_eucalyptus_Plate_5","barcode_layout_4"
"WAR4048A1_348","J388a",5,"D2","B-0056","ACCAGCAA","B-0081","CGTAACGT","Rose_eucalyptus_Plate_5","barcode_layout_4"
"WAR4048A1_349","J419b",5,"E2","B-0056","ACCAGCAA","B-0082","GGTCTGAG","Rose_eucalyptus_Plate_5","barcode_layout_4"
"WAR4048A1_350","J428i",5,"F2","B-0056","ACCAGCAA","B-0083","TACGTTCA","Rose_eucalyptus_Plate_5","barcode_layout_4"
"WAR4048A1_351","J428h",5,"G2","B-0056","ACCAGCAA","B-0084","TTATTCTC","Rose_eucalyptus_Plate_5","barcode_layout_4"
"WAR4048A1_352","J436",5,"H2","B-0056","ACCAGCAA","B-0085","TTGAGGTA","Rose_eucalyptus_Plate_5","barcode_layout_4"
"WAR4048A1_353","J386d",5,"A3","B-0057","ACGCCGTT","B-0078","ACCAAGAT","Rose_eucalyptus_Plate_5","barcode_layout_4"
"WAR4048A1_354","J406a",5,"B3","B-0057","ACGCCGTT","B-0079","CAAGGAAG","Rose_eucalyptus_Plate_5","barcode_layout_4"
"WAR4048A1_355","J385-rep",5,"C3","B-0057","ACGCCGTT","B-0080","CCGCCAGC","Rose_eucalyptus_Plate_5","barcode_layout_4"
"WAR4048A1_356","J405d",5,"D3","B-0057","ACGCCGTT","B-0081","CGTAACGT","Rose_eucalyptus_Plate_5","barcode_layout_4"
"WAR4048A1_357","J394g",5,"E3","B-0057","ACGCCGTT","B-0082","GGTCTGAG","Rose_eucalyptus_Plate_5","barcode_layout_4"
"WAR4048A1_358","J424",5,"F3","B-0057","ACGCCGTT","B-0083","TACGTTCA","Rose_eucalyptus_Plate_5","barcode_layout_4"
"WAR4048A1_359","J425f",5,"G3","B-0057","ACGCCGTT","B-0084","TTATTCTC","Rose_eucalyptus_Plate_5","barcode_layout_4"
"WAR4048A1_360","J433",5,"H3","B-0057","ACGCCGTT","B-0085","TTGAGGTA","Rose_eucalyptus_Plate_5","barcode_layout_4"
"WAR4048A1_361","J390a",5,"A4","B-0058","CAATATCC","B-0078","ACCAAGAT","Rose_eucalyptus_Plate_5","barcode_layout_4"
"WAR4048A1_362","J386e",5,"B4","B-0058","CAATATCC","B-0079","CAAGGAAG","Rose_eucalyptus_Plate_5","barcode_layout_4"
"WAR4048A1_363","J405h",5,"C4","B-0058","CAATATCC","B-0080","CCGCCAGC","Rose_eucalyptus_Plate_5","barcode_layout_4"
"WAR4048A1_364","J393c",5,"D4","B-0058","CAATATCC","B-0081","CGTAACGT","Rose_eucalyptus_Plate_5","barcode_layout_4"
"WAR4048A1_365","J406f",5,"E4","B-0058","CAATATCC","B-0082","GGTCTGAG","Rose_eucalyptus_Plate_5","barcode_layout_4"
"WAR4048A1_366","J419d",5,"F4","B-0058","CAATATCC","B-0083","TACGTTCA","Rose_eucalyptus_Plate_5","barcode_layout_4"
"WAR4048A1_367","J426b",5,"G4","B-0058","CAATATCC","B-0084","TTATTCTC","Rose_eucalyptus_Plate_5","barcode_layout_4"
"WAR4048A1_368","J424a",5,"H4","B-0058","CAATATCC","B-0085","TTGAGGTA","Rose_eucalyptus_Plate_5","barcode_layout_4"
"WAR4048A1_369","J393g",5,"A5","B-0059","CCGCCGCA","B-0078","ACCAAGAT","Rose_eucalyptus_Plate_5","barcode_layout_4"
"WAR4048A1_370","J418e",5,"B5","B-0059","CCGCCGCA","B-0079","CAAGGAAG","Rose_eucalyptus_Plate_5","barcode_layout_4"
"WAR4048A1_371","J406b",5,"C5","B-0059","CCGCCGCA","B-0080","CCGCCAGC","Rose_eucalyptus_Plate_5","barcode_layout_4"
"WAR4048A1_372","J418b",5,"D5","B-0059","CCGCCGCA","B-0081","CGTAACGT","Rose_eucalyptus_Plate_5","barcode_layout_4"
"WAR4048A1_373","J425e",5,"E5","B-0059","CCGCCGCA","B-0082","GGTCTGAG","Rose_eucalyptus_Plate_5","barcode_layout_4"
"WAR4048A1_374","J433c",5,"F5","B-0059","CCGCCGCA","B-0083","TACGTTCA","Rose_eucalyptus_Plate_5","barcode_layout_4"
"WAR4048A1_375","J414c",5,"G5","B-0059","CCGCCGCA","B-0084","TTATTCTC","Rose_eucalyptus_Plate_5","barcode_layout_4"
"WAR4048A1_376","J414",5,"H5","B-0059","CCGCCGCA","B-0085","TTGAGGTA","Rose_eucalyptus_Plate_5","barcode_layout_4"
"WAR4048A1_377","J388c",5,"A6","B-0060","CGATTCGG","B-0078","ACCAAGAT","Rose_eucalyptus_Plate_5","barcode_layout_4"
"WAR4048A1_378","J406e",5,"B6","B-0060","CGATTCGG","B-0079","CAAGGAAG","Rose_eucalyptus_Plate_5","barcode_layout_4"
"WAR4048A1_379","J393d",5,"C6","B-0060","CGATTCGG","B-0080","CCGCCAGC","Rose_eucalyptus_Plate_5","barcode_layout_4"
"WAR4048A1_380","J416e",5,"D6","B-0060","CGATTCGG","B-0081","CGTAACGT","Rose_eucalyptus_Plate_5","barcode_layout_4"
"WAR4048A1_381","J436a",5,"E6","B-0060","CGATTCGG","B-0082","GGTCTGAG","Rose_eucalyptus_Plate_5","barcode_layout_4"
"WAR4048A1_382","J413c",5,"F6","B-0060","CGATTCGG","B-0083","TACGTTCA","Rose_eucalyptus_Plate_5","barcode_layout_4"
"WAR4048A1_383","J430",5,"G6","B-0060","CGATTCGG","B-0084","TTATTCTC","Rose_eucalyptus_Plate_5","barcode_layout_4"
"WAR4048A1_384","J424f",5,"H6","B-0060","CGATTCGG","B-0085","TTGAGGTA","Rose_eucalyptus_Plate_5","barcode_layout_4"
"WAR4048A1_385","J405c",5,"A7","B-0061","GAAGAACG","B-0078","ACCAAGAT","Rose_eucalyptus_Plate_5","barcode_layout_4"
"WAR4048A1_386","J388",5,"B7","B-0061","GAAGAACG","B-0079","CAAGGAAG","Rose_eucalyptus_Plate_5","barcode_layout_4"
"WAR4048A1_387","J388e",5,"C7","B-0061","GAAGAACG","B-0080","CCGCCAGC","Rose_eucalyptus_Plate_5","barcode_layout_4"
"WAR4048A1_388","J393i",5,"D7","B-0061","GAAGAACG","B-0081","CGTAACGT","Rose_eucalyptus_Plate_5","barcode_layout_4"
"WAR4048A1_389","J433b",5,"E7","B-0061","GAAGAACG","B-0082","GGTCTGAG","Rose_eucalyptus_Plate_5","barcode_layout_4"
"WAR4048A1_390","J430b",5,"F7","B-0061","GAAGAACG","B-0083","TACGTTCA","Rose_eucalyptus_Plate_5","barcode_layout_4"
"WAR4048A1_391","J422e-rep",5,"G7","B-0061","GAAGAACG","B-0084","TTATTCTC","Rose_eucalyptus_Plate_5","barcode_layout_4"
"WAR4048A1_392","J422g",5,"H7","B-0061","GAAGAACG","B-0085","TTGAGGTA","Rose_eucalyptus_Plate_5","barcode_layout_4"
"WAR4048A1_393","J418h",5,"A8","B-0062","GTCTCGTT","B-0078","ACCAAGAT","Rose_eucalyptus_Plate_5","barcode_layout_4"
"WAR4048A1_394","J416c",5,"B8","B-0062","GTCTCGTT","B-0079","CAAGGAAG","Rose_eucalyptus_Plate_5","barcode_layout_4"
"WAR4048A1_395","J422c",5,"C8","B-0062","GTCTCGTT","B-0080","CCGCCAGC","Rose_eucalyptus_Plate_5","barcode_layout_4"
"WAR4048A1_396","J405i",5,"D8","B-0062","GTCTCGTT","B-0081","CGTAACGT","Rose_eucalyptus_Plate_5","barcode_layout_4"
"WAR4048A1_397","J419",5,"E8","B-0062","GTCTCGTT","B-0082","GGTCTGAG","Rose_eucalyptus_Plate_5","barcode_layout_4"
"WAR4048A1_398","J422e",5,"F8","B-0062","GTCTCGTT","B-0083","TACGTTCA","Rose_eucalyptus_Plate_5","barcode_layout_4"
"WAR4048A1_399","J430c",5,"G8","B-0062","GTCTCGTT","B-0084","TTATTCTC","Rose_eucalyptus_Plate_5","barcode_layout_4"
"WAR4048A1_400","J426",5,"H8","B-0062","GTCTCGTT","B-0085","TTGAGGTA","Rose_eucalyptus_Plate_5","barcode_layout_4"
"WAR4048A1_401","J390a-rep",5,"A9","B-0063","GTTAGCGG","B-0078","ACCAAGAT","Rose_eucalyptus_Plate_5","barcode_layout_4"
"WAR4048A1_402","J390b",5,"B9","B-0063","GTTAGCGG","B-0079","CAAGGAAG","Rose_eucalyptus_Plate_5","barcode_layout_4"
"WAR4048A1_403","J386f",5,"C9","B-0063","GTTAGCGG","B-0080","CCGCCAGC","Rose_eucalyptus_Plate_5","barcode_layout_4"
"WAR4048A1_404","J386g",5,"D9","B-0063","GTTAGCGG","B-0081","CGTAACGT","Rose_eucalyptus_Plate_5","barcode_layout_4"
"WAR4048A1_405","J406i",5,"E9","B-0063","GTTAGCGG","B-0082","GGTCTGAG","Rose_eucalyptus_Plate_5","barcode_layout_4"
"WAR4048A1_406","J419g",5,"F9","B-0063","GTTAGCGG","B-0083","TACGTTCA","Rose_eucalyptus_Plate_5","barcode_layout_4"
"WAR4048A1_407","J419h",5,"G9","B-0063","GTTAGCGG","B-0084","TTATTCTC","Rose_eucalyptus_Plate_5","barcode_layout_4"
"WAR4048A1_408","J429a",5,"H9","B-0063","GTTAGCGG","B-0085","TTGAGGTA","Rose_eucalyptus_Plate_5","barcode_layout_4"
"WAR4048A1_409","J393a",5,"A10","B-0064","GTTGGAAT","B-0078","ACCAAGAT","Rose_eucalyptus_Plate_5","barcode_layout_4"
"WAR4048A1_410","J388d",5,"B10","B-0064","GTTGGAAT","B-0079","CAAGGAAG","Rose_eucalyptus_Plate_5","barcode_layout_4"
"WAR4048A1_411","J406c",5,"C10","B-0064","GTTGGAAT","B-0080","CCGCCAGC","Rose_eucalyptus_Plate_5","barcode_layout_4"
"WAR4048A1_412","J421b",5,"D10","B-0064","GTTGGAAT","B-0081","CGTAACGT","Rose_eucalyptus_Plate_5","barcode_layout_4"
"WAR4048A1_413","J425i",5,"E10","B-0064","GTTGGAAT","B-0082","GGTCTGAG","Rose_eucalyptus_Plate_5","barcode_layout_4"
"WAR4048A1_414","J424c",5,"F10","B-0064","GTTGGAAT","B-0083","TACGTTCA","Rose_eucalyptus_Plate_5","barcode_layout_4"
"WAR4048A1_415","J434b",5,"G10","B-0064","GTTGGAAT","B-0084","TTATTCTC","Rose_eucalyptus_Plate_5","barcode_layout_4"
"WAR4048A1_416","J428g",5,"H10","B-0064","GTTGGAAT","B-0085","TTGAGGTA","Rose_eucalyptus_Plate_5","barcode_layout_4"
"WAR4048A1_417","J386i",5,"A11","B-0065","TGCGTATC","B-0078","ACCAAGAT","Rose_eucalyptus_Plate_5","barcode_layout_4"
"WAR4048A1_418","J416",5,"B11","B-0065","TGCGTATC","B-0079","CAAGGAAG","Rose_eucalyptus_Plate_5","barcode_layout_4"
"WAR4048A1_419","J416d",5,"C11","B-0065","TGCGTATC","B-0080","CCGCCAGC","Rose_eucalyptus_Plate_5","barcode_layout_4"
"WAR4048A1_420","J388h",5,"D11","B-0065","TGCGTATC","B-0081","CGTAACGT","Rose_eucalyptus_Plate_5","barcode_layout_4"
"WAR4048A1_421","J406g",5,"E11","B-0065","TGCGTATC","B-0082","GGTCTGAG","Rose_eucalyptus_Plate_5","barcode_layout_4"
"WAR4048A1_422","J425c",5,"F11","B-0065","TGCGTATC","B-0083","TACGTTCA","Rose_eucalyptus_Plate_5","barcode_layout_4"
"WAR4048A1_423","J406h",5,"G11","B-0065","TGCGTATC","B-0084","TTATTCTC","Rose_eucalyptus_Plate_5","barcode_layout_4"
"WAR4048A1_424","J430h",5,"H11","B-0065","TGCGTATC","B-0085","TTGAGGTA","Rose_eucalyptus_Plate_5","barcode_layout_4"
"WAR4048A1_425","J418",5,"A12","B-0066","TTGCTTGC","B-0078","ACCAAGAT","Rose_eucalyptus_Plate_5","barcode_layout_4"
"WAR4048A1_426","J418a",5,"B12","B-0066","TTGCTTGC","B-0079","CAAGGAAG","Rose_eucalyptus_Plate_5","barcode_layout_4"
"WAR4048A1_427","J393h",5,"C12","B-0066","TTGCTTGC","B-0080","CCGCCAGC","Rose_eucalyptus_Plate_5","barcode_layout_4"
"WAR4048A1_428","J416g",5,"D12","B-0066","TTGCTTGC","B-0081","CGTAACGT","Rose_eucalyptus_Plate_5","barcode_layout_4"
"WAR4048A1_429","J433d",5,"E12","B-0066","TTGCTTGC","B-0082","GGTCTGAG","Rose_eucalyptus_Plate_5","barcode_layout_4"
"WAR4048A1_430","J430g",5,"F12","B-0066","TTGCTTGC","B-0083","TACGTTCA","Rose_eucalyptus_Plate_5","barcode_layout_4"
"WAR4048A1_431","J424e",5,"G12","B-0066","TTGCTTGC","B-0084","TTATTCTC","Rose_eucalyptus_Plate_5","barcode_layout_4"
"WAR4048A1_432","blank_52",5,"H12","B-0066","TTGCTTGC","B-0085","TTGAGGTA","Rose_eucalyptus_Plate_5","barcode_layout_4"
"WAR4048A1_433","blank_61",6,"A1","B-0108","AACCGAAC","B-0100","AACCAACG","Rose_eucalyptus_Plate_6","barcode_layout_9"
"WAR4048A1_434","J385-rep",6,"B1","B-0108","AACCGAAC","B-0101","AATTCTAG","Rose_eucalyptus_Plate_6","barcode_layout_9"
"WAR4048A1_435","J435g",6,"C1","B-0108","AACCGAAC","B-0102","AGAACCGA","Rose_eucalyptus_Plate_6","barcode_layout_9"
"WAR4048A1_436","J435d",6,"D1","B-0108","AACCGAAC","B-0103","CCGAATGC","Rose_eucalyptus_Plate_6","barcode_layout_9"
"WAR4048A1_437","J435e",6,"E1","B-0108","AACCGAAC","B-0104","CCTGCCTT","Rose_eucalyptus_Plate_6","barcode_layout_9"
"WAR4048A1_438","J413",6,"F1","B-0108","AACCGAAC","B-0105","GGATGGTA","Rose_eucalyptus_Plate_6","barcode_layout_9"
"WAR4048A1_439","J435",6,"G1","B-0108","AACCGAAC","B-0106","GGCGTACT","Rose_eucalyptus_Plate_6","barcode_layout_9"
"WAR4048A1_440","J430a-rep",6,"H1","B-0108","AACCGAAC","B-0107","TCGATTCC","Rose_eucalyptus_Plate_6","barcode_layout_9"
"WAR4048A1_441","J424b",6,"A2","B-0109","AACCTATA","B-0100","AACCAACG","Rose_eucalyptus_Plate_6","barcode_layout_9"
"WAR4048A1_442","J429b",6,"B2","B-0109","AACCTATA","B-0101","AATTCTAG","Rose_eucalyptus_Plate_6","barcode_layout_9"
"WAR4048A1_443","J428f",6,"C2","B-0109","AACCTATA","B-0102","AGAACCGA","Rose_eucalyptus_Plate_6","barcode_layout_9"
"WAR4048A1_444","J394c",6,"D2","B-0109","AACCTATA","B-0103","CCGAATGC","Rose_eucalyptus_Plate_6","barcode_layout_9"
"WAR4048A1_445","J426i",6,"E2","B-0109","AACCTATA","B-0104","CCTGCCTT","Rose_eucalyptus_Plate_6","barcode_layout_9"
"WAR4048A1_446","J425",6,"F2","B-0109","AACCTATA","B-0105","GGATGGTA","Rose_eucalyptus_Plate_6","barcode_layout_9"
"WAR4048A1_447","J430d",6,"G2","B-0109","AACCTATA","B-0106","GGCGTACT","Rose_eucalyptus_Plate_6","barcode_layout_9"
"WAR4048A1_448","J413f",6,"H2","B-0109","AACCTATA","B-0107","TCGATTCC","Rose_eucalyptus_Plate_6","barcode_layout_9"
"WAR4048A1_449","J413a",6,"A3","B-0110","ACCAAGTT","B-0100","AACCAACG","Rose_eucalyptus_Plate_6","barcode_layout_9"
"WAR4048A1_450","J428",6,"B3","B-0110","ACCAAGTT","B-0101","AATTCTAG","Rose_eucalyptus_Plate_6","barcode_layout_9"
"WAR4048A1_451","J429g",6,"C3","B-0110","ACCAAGTT","B-0102","AGAACCGA","Rose_eucalyptus_Plate_6","barcode_layout_9"
"WAR4048A1_452","J414b",6,"D3","B-0110","ACCAAGTT","B-0103","CCGAATGC","Rose_eucalyptus_Plate_6","barcode_layout_9"
"WAR4048A1_453","J428b",6,"E3","B-0110","ACCAAGTT","B-0104","CCTGCCTT","Rose_eucalyptus_Plate_6","barcode_layout_9"
"WAR4048A1_454","J428c",6,"F3","B-0110","ACCAAGTT","B-0105","GGATGGTA","Rose_eucalyptus_Plate_6","barcode_layout_9"
"WAR4048A1_455","J433a",6,"G3","B-0110","ACCAAGTT","B-0106","GGCGTACT","Rose_eucalyptus_Plate_6","barcode_layout_9"
"WAR4048A1_456","J395A",6,"H3","B-0110","ACCAAGTT","B-0107","TCGATTCC","Rose_eucalyptus_Plate_6","barcode_layout_9"
"WAR4048A1_457","J438",6,"A4","B-0111","ATACCTAC","B-0100","AACCAACG","Rose_eucalyptus_Plate_6","barcode_layout_9"
"WAR4048A1_458","J428a",6,"B4","B-0111","ATACCTAC","B-0101","AATTCTAG","Rose_eucalyptus_Plate_6","barcode_layout_9"
"WAR4048A1_459","J419e",6,"C4","B-0111","ATACCTAC","B-0102","AGAACCGA","Rose_eucalyptus_Plate_6","barcode_layout_9"
"WAR4048A1_460","J419f",6,"D4","B-0111","ATACCTAC","B-0103","CCGAATGC","Rose_eucalyptus_Plate_6","barcode_layout_9"
"WAR4048A1_461","J429e",6,"E4","B-0111","ATACCTAC","B-0104","CCTGCCTT","Rose_eucalyptus_Plate_6","barcode_layout_9"
"WAR4048A1_462","J436f",6,"F4","B-0111","ATACCTAC","B-0105","GGATGGTA","Rose_eucalyptus_Plate_6","barcode_layout_9"
"WAR4048A1_463","J436i",6,"G4","B-0111","ATACCTAC","B-0106","GGCGTACT","Rose_eucalyptus_Plate_6","barcode_layout_9"
"WAR4048A1_464","J395B",6,"H4","B-0111","ATACCTAC","B-0107","TCGATTCC","Rose_eucalyptus_Plate_6","barcode_layout_9"
"WAR4048A1_465","J429a",6,"A5","B-0112","CGGTAGGT","B-0100","AACCAACG","Rose_eucalyptus_Plate_6","barcode_layout_9"
"WAR4048A1_466","J429f",6,"B5","B-0112","CGGTAGGT","B-0101","AATTCTAG","Rose_eucalyptus_Plate_6","barcode_layout_9"
"WAR4048A1_467","J434",6,"C5","B-0112","CGGTAGGT","B-0102","AGAACCGA","Rose_eucalyptus_Plate_6","barcode_layout_9"
"WAR4048A1_468","J436d",6,"D5","B-0112","CGGTAGGT","B-0103","CCGAATGC","Rose_eucalyptus_Plate_6","barcode_layout_9"
"WAR4048A1_469","J430e",6,"E5","B-0112","CGGTAGGT","B-0104","CCTGCCTT","Rose_eucalyptus_Plate_6","barcode_layout_9"
"WAR4048A1_470","J433f",6,"F5","B-0112","CGGTAGGT","B-0105","GGATGGTA","Rose_eucalyptus_Plate_6","barcode_layout_9"
"WAR4048A1_471","J435i",6,"G5","B-0112","CGGTAGGT","B-0106","GGCGTACT","Rose_eucalyptus_Plate_6","barcode_layout_9"
"WAR4048A1_472","J395C",6,"H5","B-0112","CGGTAGGT","B-0107","TCGATTCC","Rose_eucalyptus_Plate_6","barcode_layout_9"
"WAR4048A1_473","J428g",6,"A6","B-0113","CTAGTACC","B-0100","AACCAACG","Rose_eucalyptus_Plate_6","barcode_layout_9"
"WAR4048A1_474","J436e",6,"B6","B-0113","CTAGTACC","B-0101","AATTCTAG","Rose_eucalyptus_Plate_6","barcode_layout_9"
"WAR4048A1_475","J426d",6,"C6","B-0113","CTAGTACC","B-0102","AGAACCGA","Rose_eucalyptus_Plate_6","barcode_layout_9"
"WAR4048A1_476","J394f",6,"D6","B-0113","CTAGTACC","B-0103","CCGAATGC","Rose_eucalyptus_Plate_6","barcode_layout_9"
"WAR4048A1_477","J419a",6,"E6","B-0113","CTAGTACC","B-0104","CCTGCCTT","Rose_eucalyptus_Plate_6","barcode_layout_9"
"WAR4048A1_478","J419i",6,"F6","B-0113","CTAGTACC","B-0105","GGATGGTA","Rose_eucalyptus_Plate_6","barcode_layout_9"
"WAR4048A1_479","J426h",6,"G6","B-0113","CTAGTACC","B-0106","GGCGTACT","Rose_eucalyptus_Plate_6","barcode_layout_9"
"WAR4048A1_480","J395D",6,"H6","B-0113","CTAGTACC","B-0107","TCGATTCC","Rose_eucalyptus_Plate_6","barcode_layout_9"
"WAR4048A1_481","J430h",6,"A7","B-0114","GGATGCTA","B-0100","AACCAACG","Rose_eucalyptus_Plate_6","barcode_layout_9"
"WAR4048A1_482","J435f",6,"B7","B-0114","GGATGCTA","B-0101","AATTCTAG","Rose_eucalyptus_Plate_6","barcode_layout_9"
"WAR4048A1_483","J394d",6,"C7","B-0114","GGATGCTA","B-0102","AGAACCGA","Rose_eucalyptus_Plate_6","barcode_layout_9"
"WAR4048A1_484","J422f",6,"D7","B-0114","GGATGCTA","B-0103","CCGAATGC","Rose_eucalyptus_Plate_6","barcode_layout_9"
"WAR4048A1_485","J425b",6,"E7","B-0114","GGATGCTA","B-0104","CCTGCCTT","Rose_eucalyptus_Plate_6","barcode_layout_9"
"WAR4048A1_486","J394e",6,"F7","B-0114","GGATGCTA","B-0105","GGATGGTA","Rose_eucalyptus_Plate_6","barcode_layout_9"
"WAR4048A1_487","J429i",6,"G7","B-0114","GGATGCTA","B-0106","GGCGTACT","Rose_eucalyptus_Plate_6","barcode_layout_9"
"WAR4048A1_488","J395E",6,"H7","B-0114","GGATGCTA","B-0107","TCGATTCC","Rose_eucalyptus_Plate_6","barcode_layout_9"
"WAR4048A1_489","J433g",6,"A8","B-0115","GGTTCTGA","B-0100","AACCAACG","Rose_eucalyptus_Plate_6","barcode_layout_9"
"WAR4048A1_490","J394a",6,"B8","B-0115","GGTTCTGA","B-0101","AATTCTAG","Rose_eucalyptus_Plate_6","barcode_layout_9"
"WAR4048A1_491","J395",6,"C8","B-0115","GGTTCTGA","B-0102","AGAACCGA","Rose_eucalyptus_Plate_6","barcode_layout_9"
"WAR4048A1_492","J430i",6,"D8","B-0115","GGTTCTGA","B-0103","CCGAATGC","Rose_eucalyptus_Plate_6","barcode_layout_9"
"WAR4048A1_493","J394b",6,"E8","B-0115","GGTTCTGA","B-0104","CCTGCCTT","Rose_eucalyptus_Plate_6","barcode_layout_9"
"WAR4048A1_494","J435b",6,"F8","B-0115","GGTTCTGA","B-0105","GGATGGTA","Rose_eucalyptus_Plate_6","barcode_layout_9"
"WAR4048A1_495","J425g",6,"G8","B-0115","GGTTCTGA","B-0106","GGCGTACT","Rose_eucalyptus_Plate_6","barcode_layout_9"
"WAR4048A1_496","J395H",6,"H8","B-0115","GGTTCTGA","B-0107","TCGATTCC","Rose_eucalyptus_Plate_6","barcode_layout_9"
"WAR4048A1_497","J425h",6,"A9","B-0116","TATCCTCG","B-0100","AACCAACG","Rose_eucalyptus_Plate_6","barcode_layout_9"
"WAR4048A1_498","J436c",6,"B9","B-0116","TATCCTCG","B-0101","AATTCTAG","Rose_eucalyptus_Plate_6","barcode_layout_9"
"WAR4048A1_499","J426g",6,"C9","B-0116","TATCCTCG","B-0102","AGAACCGA","Rose_eucalyptus_Plate_6","barcode_layout_9"
"WAR4048A1_500","J424g",6,"D9","B-0116","TATCCTCG","B-0103","CCGAATGC","Rose_eucalyptus_Plate_6","barcode_layout_9"
"WAR4048A1_501","J435h",6,"E9","B-0116","TATCCTCG","B-0104","CCTGCCTT","Rose_eucalyptus_Plate_6","barcode_layout_9"
"WAR4048A1_502","J436g",6,"F9","B-0116","TATCCTCG","B-0105","GGATGGTA","Rose_eucalyptus_Plate_6","barcode_layout_9"
"WAR4048A1_503","J429h",6,"G9","B-0116","TATCCTCG","B-0106","GGCGTACT","Rose_eucalyptus_Plate_6","barcode_layout_9"
"WAR4048A1_504","GH1",6,"H9","B-0116","TATCCTCG","B-0107","TCGATTCC","Rose_eucalyptus_Plate_6","barcode_layout_9"
"WAR4048A1_505","J434a",6,"A10","B-0117","TCGAGAAG","B-0100","AACCAACG","Rose_eucalyptus_Plate_6","barcode_layout_9"
"WAR4048A1_506","J426f",6,"B10","B-0117","TCGAGAAG","B-0101","AATTCTAG","Rose_eucalyptus_Plate_6","barcode_layout_9"
"WAR4048A1_507","J436c-rep",6,"C10","B-0117","TCGAGAAG","B-0102","AGAACCGA","Rose_eucalyptus_Plate_6","barcode_layout_9"
"WAR4048A1_508","J426c",6,"D10","B-0117","TCGAGAAG","B-0103","CCGAATGC","Rose_eucalyptus_Plate_6","barcode_layout_9"
"WAR4048A1_509","J436h",6,"E10","B-0117","TCGAGAAG","B-0104","CCTGCCTT","Rose_eucalyptus_Plate_6","barcode_layout_9"
"WAR4048A1_510","J425a",6,"F10","B-0117","TCGAGAAG","B-0105","GGATGGTA","Rose_eucalyptus_Plate_6","barcode_layout_9"
"WAR4048A1_511","J433e",6,"G10","B-0117","TCGAGAAG","B-0106","GGCGTACT","Rose_eucalyptus_Plate_6","barcode_layout_9"
"WAR4048A1_512","GH2",6,"H10","B-0117","TCGAGAAG","B-0107","TCGATTCC","Rose_eucalyptus_Plate_6","barcode_layout_9"
"WAR4048A1_513","J433h",6,"A11","B-0118","TCTGGCGG","B-0100","AACCAACG","Rose_eucalyptus_Plate_6","barcode_layout_9"
"WAR4048A1_514","J414a",6,"B11","B-0118","TCTGGCGG","B-0101","AATTCTAG","Rose_eucalyptus_Plate_6","barcode_layout_9"
"WAR4048A1_515","J429c",6,"C11","B-0118","TCTGGCGG","B-0102","AGAACCGA","Rose_eucalyptus_Plate_6","barcode_layout_9"
"WAR4048A1_516","J428e",6,"D11","B-0118","TCTGGCGG","B-0103","CCGAATGC","Rose_eucalyptus_Plate_6","barcode_layout_9"
"WAR4048A1_517","J426a",6,"E11","B-0118","TCTGGCGG","B-0104","CCTGCCTT","Rose_eucalyptus_Plate_6","barcode_layout_9"
"WAR4048A1_518","J430a",6,"F11","B-0118","TCTGGCGG","B-0105","GGATGGTA","Rose_eucalyptus_Plate_6","barcode_layout_9"
"WAR4048A1_519","J425d",6,"G11","B-0118","TCTGGCGG","B-0106","GGCGTACT","Rose_eucalyptus_Plate_6","barcode_layout_9"
"WAR4048A1_520","J437",6,"H11","B-0118","TCTGGCGG","B-0107","TCGATTCC","Rose_eucalyptus_Plate_6","barcode_layout_9"
"WAR4048A1_521","J430f",6,"A12","B-0119","TCTTAGCT","B-0100","AACCAACG","Rose_eucalyptus_Plate_6","barcode_layout_9"
"WAR4048A1_522","J424d",6,"B12","B-0119","TCTTAGCT","B-0101","AATTCTAG","Rose_eucalyptus_Plate_6","barcode_layout_9"
"WAR4048A1_523","J436b",6,"C12","B-0119","TCTTAGCT","B-0102","AGAACCGA","Rose_eucalyptus_Plate_6","barcode_layout_9"
"WAR4048A1_524","J429",6,"D12","B-0119","TCTTAGCT","B-0103","CCGAATGC","Rose_eucalyptus_Plate_6","barcode_layout_9"
"WAR4048A1_525","J435a",6,"E12","B-0119","TCTTAGCT","B-0104","CCTGCCTT","Rose_eucalyptus_Plate_6","barcode_layout_9"
"WAR4048A1_526","J394",6,"F12","B-0119","TCTTAGCT","B-0105","GGATGGTA","Rose_eucalyptus_Plate_6","barcode_layout_9"
"WAR4048A1_527","J435c",6,"G12","B-0119","TCTTAGCT","B-0106","GGCGTACT","Rose_eucalyptus_Plate_6","barcode_layout_9"
"WAR4048A1_528","blank_62",6,"H12","B-0119","TCTTAGCT","B-0107","TCGATTCC","Rose_eucalyptus_Plate_6","barcode_layout_9"
